Tonight,tonight,0.12,0.48
a,a,0.69,0.7999999999999999
story,story,0.8,1.21
by,by,1.21,1.46
Frederik,,,
Pohl,<unk>,1.48,2.17
Tunnel,tunnel,3.19,3.69
Under,under,3.74,4.04
the,the,4.04,4.17
World,world,4.18,4.5
On,on,13.0,13.22
the,the,13.219999,13.309999
morning,morning,13.309999,13.719999
of,of,13.759999,13.989999
June,june,13.99,14.29
fifteenth,fifteenth,14.469999,14.949999
Guy,guy,15.54,15.88
Burckhardt,<unk>,15.889999,16.109999
woke,woke,16.929999,17.059998999999998
up,up,17.23,17.39
screaming,screaming,17.830000000000002,18.47
It,it,20.91,20.93
was,was,22.42,22.66
more,more,22.66,23.02
real,real,23.02,23.45
than,than,23.45,23.6
any,any,23.6,23.82
dream,dream,23.82,24.24
he,he,24.25,24.35
had,had,24.45,24.48
ever,ever,24.48,24.68
had,had,24.68,24.93
in,in,24.93,25.03
his,his,25.03,25.18
life,life,25.18,25.47
He,he,26.27,26.4
could,could,26.4,26.58
still,still,26.58,26.97
hear,hear,26.97,27.34
and,and,27.34,27.54
feel,feel,27.54,27.97
that,that,27.969999,28.169999
sharp,sharp,28.179999,28.579999
metal,metal,28.630000000000003,29.24
ripping,ripping,29.24,29.62
explosion,explosion,29.62,30.42
that,that,30.7,30.88
searing,searing,31.059999,31.649999
wave,wave,31.66,32.12
of,of,32.12,32.239999999999995
heat,heat,32.24,32.47
He,he,33.339999,33.469999
sat,sat,33.469999,33.729999
up,up,33.730000000000004,33.99
Mary,mary,34.209999,34.50999899999999
Mary,mary,35.41,35.79
Mary,mary,36.82,37.18
where,where,37.81,37.97
are,are,37.97,38.13
you,you,38.13,38.15
Guy,guy,38.32,38.34
what's,what's,39.39,39.7
wrong,wrong,40.01,40.27
You're,you're,40.28,40.56
trembling,trembling,40.6,40.7
Where,where,41.19,41.35
were,were,41.35,41.52
you,you,41.52,41.73
In,,,
the,the,41.95,42.040000000000006
kitchen,kitchen,42.04,42.41
cooking,cooking,42.41,42.71
breakfast,breakfast,42.71,43.16
What,what,43.16,43.29
is,is,43.29,43.46
it,it,43.46,43.7
I,i,44.65,44.66
don’t,,,
know,know,44.67,44.99
a,a,44.99,45.06
dream,dream,45.059999,45.409999
I,i,45.41,45.48
guess,guess,45.48,45.75000000000001
an,an,46.16,46.3
explosion,explosion,46.3,47.05
Did,did,47.23,47.39
you,you,47.389999,47.519999000000006
say,say,47.52,47.7
an,an,47.7,47.78
explosion,explosion,47.78,48.45
Yes,yes,48.67,49.190000000000005
But,but,49.73,49.88
that's,that's,49.88,50.1
the,the,50.099999,50.199999
dream,dream,50.2,50.510000000000005
I,i,50.509999,50.599999
had,had,50.71,51.08
What,what,51.73,52.05
I,i,52.459999,52.609999
dreamed,dreamed,52.629999,52.899999
there,there,52.9,52.95
was,was,52.949999,53.099999
a,a,53.1,53.14
big,big,53.139999,53.369999
explosion,explosion,53.369999,54.009999
and,and,54.010000000000005,54.34
then,then,54.34,54.5
something,something,54.5,54.88
sort,sort,54.88,55.07
of,of,55.07,55.21
hit,hit,55.3,55.53
me,me,55.53,55.7
on,on,55.7,55.82
the,the,55.82,55.9
head,head,55.9,56.39
Holy,holy,57.24,57.53
smokes,smokes,57.53,57.97
maybe,maybe,57.97,58.12
maybe,maybe,59.17,59.36
there,there,59.36,59.47
really,really,59.47,59.7
was,was,59.7,60.010000000000005
some,some,60.02,60.23
sort,sort,60.23,60.42
of,of,60.42,60.53
explosion,explosion,60.53,61.17
that,that,61.18,61.21
started,started,61.24,61.66
this,this,61.66,61.78
dreaming,dreaming,61.78,62.16
Well,well,62.96,63.17
there,there,63.179999,63.339999
will,will,63.34,63.39
be,be,63.389999,63.519999000000006
an,an,63.52,63.61
explosion,explosion,63.61,64.17999999999999
down,down,64.179999,64.36999899999999
at,at,64.37,64.48
your,your,64.48,64.63000000000001
office,office,64.63,64.96
if,if,64.96000000000001,65.06
you,you,65.059999,65.139999
don't,don't,65.139999,65.349999
hurry,hurry,65.349999,65.629999
and,and,65.63,65.75999999999999
get,get,65.759999,65.939999
to,to,65.94,66.07
work,work,66.07,66.47
Coming,coming,78.56,78.74
in,in,78.91,79.17
on,on,79.19,79.33
the,the,79.33,79.42999999999999
bus,bus,79.43,80.02000000000001
Burckhardt,<unk>,80.09,80.59
watched,watched,80.62,80.96000000000001
to,to,80.98,81.10000000000001
see,see,81.099999,81.389999
if,if,81.389999,81.549999
there,there,81.55,81.71
was,was,81.71000000000001,81.96000000000001
any,any,82.03999999999999,82.28999999999999
evidence,evidence,82.28999999999999,82.8
of,of,82.8,82.92999999999999
an,an,82.94,83.02
explosion,explosion,83.02,83.78999999999999
There,there,84.429999,84.569999
wasn't,wasn't,84.57,84.80999999999999
If,if,85.679999,85.819999
anything,anything,85.82,86.27
the,the,86.28,86.36
town,town,86.36,86.67
looked,looked,86.67,86.93
better,better,87.0,87.3
than,than,87.299999,87.429999
ever,ever,87.429999,87.77999899999999
The,the,88.33,88.48
only,only,88.48,88.7
thing,thing,88.69999899999999,88.94999899999999
that,that,88.94999899999999,89.099999
seemed,seemed,89.1,89.55
strange,strange,89.559999,90.279999
to,to,90.279999,90.419999
him,him,90.42,90.71
was,was,91.15,91.32
the,the,91.33,91.41
fact,fact,91.41,91.63
that,that,91.62,91.79
none,none,91.79,91.96
of,of,91.96,92.1
the,the,92.1,92.23
usual,usual,92.24,92.84
crowd,crowd,92.86,93.3
was,was,93.31,93.52
on,on,93.52,93.7
the,the,93.7,93.8
bus,bus,93.8,94.28
He,he,95.29,95.41
was,was,95.41,95.54
a,a,95.54,95.58
little,little,95.58,95.72
relieved,relieved,95.73,96.31
when,when,96.31,96.42
his,his,96.42,96.56
old,old,96.56,96.86
pal,pal,96.9,97.39
Henry,henry,97.4,97.78
Swanson,swanson,97.78,98.38
finally,finally,98.42,98.81
got,got,98.809999,99.009999
on,on,99.01,99.26
Excuse,excuse,101.04,101.32
me,me,101.32,101.51
Ah,ah,102.27,102.36
Henry,henry,102.4,102.96
Pardon,pardon,103.4,103.52
me,me,103.52,103.65
sir,sir,103.65,103.84
Henry,henry,105.52,105.72
what's,what's,105.719999,105.839999
the,the,105.839999,105.909999
matter,matter,105.91,106.13
with,with,106.129999,106.269999
you,you,106.27,106.38
It's,it's,106.379999,106.519999
me,me,106.529999,106.739999
Guy,guy,106.77,106.98
Burckhardt,<unk>,107.23,107.24
Burckhardt,<unk>,108.37,108.75
sorry,sorry,109.05,109.35
I,i,109.359999,109.409999
don't,don't,109.41,109.58
believe,believe,109.58,109.83
we've,we've,109.83,109.99
met,met,109.99,110.2
What,what,110.91,111.05
Henry,henry,111.89,112.16
for,for,112.16,112.28
Pete's,pete's,112.28,112.53
sake,sake,112.53,112.77
it's,it's,112.77,112.91
me,me,112.91,113.21
If,if,113.22,113.44
you'll,you'll,113.44,113.65
excuse,excuse,113.65,114.02
me,me,114.02,114.17
this,this,114.17,114.35
is,is,114.35,114.51
my,my,114.51,114.72
stop,stop,114.72,115.05
Well,well,115.38,115.54
I'll,i'll,115.54,115.65
be,be,115.65,115.71
how,how,116.55,116.64
do,do,116.64,116.72
you,you,116.72,116.74
like,like,116.91,117.18
that,that,117.179999,117.499999
Guy,guy,124.889999,125.219999
Burckhardt,<unk>,125.23,125.8
got,got,125.959999,126.189999
off,off,126.190001,126.370001
in,in,126.369999,126.509999
front,front,126.51,126.73
of,of,126.74,126.8
the,the,126.869999,126.969999
gigantic,gigantic,126.98,127.6
control,control,127.6,128.01999999999998
chemical,chemical,128.02,128.39
building,building,128.39,128.88
took,took,129.38,129.59
the,the,129.59,129.71
elevator,elevator,129.71,130.15
to,to,130.15,130.24
the,the,130.24,130.33
ninety,ninety,130.33,130.73000000000002
eighth,eighth,130.73,130.92
floor,floor,130.93,131.38
where,where,131.38,131.57
he,he,131.57,131.72
had,had,131.72,131.88
worked,worked,131.88,132.18
in,in,132.18,132.41
the,the,132.42,132.44
accounting,accounting,132.47,132.96
department,department,132.96,133.48000000000002
for,for,133.49,133.63
twelve,twelve,133.63,134.09
years,years,134.09,134.24
It,it,134.24,134.26000000000002
wasn't,wasn't,135.55,135.95000000000002
until,until,135.95,136.17999999999998
he,he,136.179999,136.279999
was,was,136.28,136.46
almost,almost,136.46,136.91
at,at,136.91,137.03
his,his,137.03,137.2
floor,floor,137.2,137.67
that,that,138.27,138.41
he,he,138.41,138.49
realized,realized,138.49,139.03
the,the,139.03,139.1
speaker,speaker,139.099999,139.51999899999998
was,was,139.53,139.79
not,not,139.79,140.04
playing,playing,140.07,140.47
the,the,140.48,140.61
usual,usual,140.61,141.16000000000005
commercials,commercials,141.21,141.72
Britons,<unk>,143.22,144.33
are,are,155.259999,155.39999899999998
you,you,155.4,155.54
happy,happy,155.55,155.82000000000002
with,with,155.82,155.95999999999998
your,your,155.96,156.09
present,present,156.09,156.36
home,home,156.36,156.55
freezer,freezer,156.57,156.97
Of,,,
course,,,
not,,,
Well,,,
the,,,
answer,,,
to,,,
your,,,
problems,,,
is,,,
a,,,
Feckle,,,
freezer,,,
A,,,
Feckle,,,
freezer,,,
is,,,
a,,,
better,,,
freezer,,,
Most,,,
wives,,,
would,,,
do,,,
anything,,,
for,,,
a,,,
Feckle,,,
freezer,,,
Britons,,,
are,,,
you,,,
happy,,,
with,,,
your,,,
present,,,
home,,,
freezer,,,
Morning,,,
Miss,,,
Horne,<unk>,163.79,164.48
Good,good,164.67,164.85
morning,morning,164.85,164.97
Mr,mr,165.14,165.26999999999998
Burckhardt,<unk>,165.27,165.55
Well,well,166.27,166.91000000000005
new,new,166.95000000000002,167.15
hairdo,hairdo,167.15,167.37
I,i,167.6,167.7
see,see,167.7,167.95999999999998
Why,why,168.79999999999998,169.01
yes,yes,169.01,169.32
you,you,169.32,169.42
like,like,169.42,169.61999999999998
it,it,170.55,170.57000000000002
Makes,makes,170.57,170.73
a,a,170.73,170.79
lot,lot,170.79,170.91
of,of,170.91,171.01
difference,difference,171.01,171.32999999999998
in,in,171.33,171.35000000000002
your,your,171.349999,171.469999
appearance,appearance,171.469999,171.949999
Mr,mr,172.91,173.07999999999998
Barth,<unk>,173.08,173.36
in,in,173.36,173.58
Eh,eh,173.679999,173.779999
no,no,173.83,174.17000000000002
sir,,,
he,he,174.58,175.0
had,had,175.27,175.47
an,an,175.469999,175.589999
appointment,appointment,175.59,176.07
with,with,176.09,176.25
Mr,mr,176.25,176.46
Dorchin,<unk>,176.46,177.07000000000002
of,,,
the,the,177.179999,177.279999
human,human,177.28,177.57
research,research,177.57,177.69
institute,institute,178.01,178.42
Today,today,178.42,178.61
But,,,
today’s,today's,178.91,179.47
the,the,180.029999,180.119999
fifteenth,fifteenth,180.47,180.81
of,of,180.81,180.9
June,june,180.9,181.4
He,he,181.6,181.69
has,has,181.69,181.82
to,to,181.82,181.88
sign,sign,181.88,182.06
the,the,182.06,182.15
quarterly,quarterly,182.15,182.49
statement,statement,182.49,182.92
He,,,
said,,,
he,he,183.5,183.54
wouldn't,wouldn't,183.54,183.75
be,be,183.75,183.93
in,in,183.93,184.0
Huh,huh,184.95,185.2
that's,that's,185.28,185.46
mighty,mighty,185.46,185.67
peculiar,peculiar,185.67,186.18
Yes,yes,186.66,186.91
sir,sir,187.18,187.2
Oh,oh,188.15,188.39
by,by,188.4,188.56
the,the,188.559999,188.669999
way,way,188.67,188.83
Miss,miss,188.83,189.04
Horne,<unk>,189.04,189.11
what,what,190.05,190.21
the,the,190.21,190.33
devil,devil,190.33,190.67
is,is,190.67,190.8
a,,,
Feckle,,,
freezer,,,
A,a,190.8,190.91000000000005
Feckle,<unk>,190.92,191.53
freezer,freezer,191.58,192.28
There's,there's,194.15,194.27
some,some,194.27,194.4
new,new,194.4,194.53
copy,copy,194.559999,194.889999
on,on,194.889999,194.979999
the,the,194.98,195.08
elevator,elevator,195.089999,195.489999
commercial,commercial,195.49,196.11
Uh,uh,196.109999,196.339999
Dorchin,<unk>,197.1,197.31
must,must,197.359999,197.499999
have,have,197.5,197.57
landed,landed,197.57,197.83
another,another,197.83,198.16
account,account,198.16,198.66
Feckle,<unk>,198.76,199.08
freezers,freezers,199.08,199.63
I,i,200.18000000000004,200.19000000000003
really,really,200.19000000000003,200.39
don't,don't,200.39,200.62000000000003
know,know,200.63,200.75000000000003
Mr,mr,200.93000000000004,201.18000000000004
Burckhardt,<unk>,201.46,201.59
Huh,huh,202.14,202.3
it’s,it's,204.02,204.05
a,a,204.22,204.28
funny,funny,204.28,204.54
day,day,204.54,204.97
can't,can't,205.6,205.84
quite,quite,205.84,206.08
put,put,206.08,206.23
my,my,206.24,206.42
finger,finger,206.42,206.72
on,on,206.72,206.84
it,it,206.84,206.93
but,but,206.929999,207.069999
there's,there's,207.07,207.2
something,something,207.2,207.55
strange,strange,207.55,208.05
going,going,208.05,208.29
on,on,208.29,208.54
He,he,215.469999,215.619999
couldn't,couldn't,215.619999,215.979999
shake,shake,215.98,216.47
the,the,216.529999,216.659999
thought,thought,216.66,217.02
out,out,217.1,217.24
of,of,217.24,217.34
his,his,217.34,217.45
mind,mind,217.45,217.95
It,it,218.45,218.59
persisted,persisted,218.59,219.12
all,all,219.12,219.33
through,through,219.33,219.52
the,the,219.52,219.62
day,day,219.62,219.97
until,until,219.97,220.3
dinner,dinner,220.3,220.64
He,he,221.3,221.37
was,was,221.37,221.53
still,still,221.53,221.77
brooding,brooding,222.07,222.73
as,as,223.06,223.09
he,he,223.26,223.48
and,and,223.48,223.7
Mary,mary,223.71,224.13
got,got,224.17,224.34
ready,ready,224.34,224.55
for,for,224.55,224.67
bed,bed,224.67,225.03
Guy,guy,226.92,227.24
dear,dear,227.24,227.46
Hm,<unk>,227.69,228.05
oh,oh,229.04,229.49
no,no,229.54,229.94
Anything,anything,230.4,230.81
wrong,wrong,230.809999,231.209999
I,i,232.0,232.19
don't,don't,232.190001,232.360001
know,know,232.359999,232.869999
Well,well,233.799999,233.869999
I,i,234.15,234.17
guess,guess,234.17,234.39
I'll,i'll,234.43,234.54
get,get,234.539999,234.679999
a,a,234.68,234.74
good,good,234.74,234.94
night's,night's,234.94,235.21
sleep,sleep,235.21,235.51
Coming,coming,235.9,236.33
I,i,236.91,237.09
think,think,237.09,237.26
I'll,i'll,237.26,237.36
sit,sit,237.36,237.53
up,up,237.53,237.63
and,and,237.63,237.73
read,read,237.73,237.88
for,for,237.88,237.95
a,a,237.95,238.02
while,while,238.02,238.43
Ah,ah,240.44,240.67
good,good,243.72,243.75
night,night,243.85,244.04
darling,,,
Night,,,
dear,dear,248.02,248.24
At,at,250.49,250.6
exactly,exactly,250.6,251.21
midnight,midnight,251.209999,251.849999
Guy,guy,252.33,252.62
Burckhardt,<unk>,252.63,253.25
lapsed,lapsed,253.72,254.2
into,into,254.2,254.45
a,a,254.45,254.55
sudden,sudden,254.55,255.06
deep,deep,255.14,255.47
sleep,sleep,255.92,256.34
and,and,257.19,257.3
the,the,257.3,257.39
following,following,257.39,257.77
morning,morning,257.77,258.29999999999995
he,he,258.73,258.87
woke,woke,258.87,259.14
up,up,259.14,259.32
screaming,screaming,260.11,260.78000000000003
Ah,ah,262.82000000000005,262.95000000000005
Darling,darling,263.00000000000006,263.21000000000004
what,what,264.08000000000004,264.15000000000003
is,is,264.32000000000005,264.39000000000004
it,it,264.39000000000004,264.53000000000003
What's,what's,264.83000000000004,265.01000000000005
wrong,wrong,265.01000000000005,265.05
I,i,265.48,265.63
oh,oh,267.049999,267.509999
I,i,268.690001,268.820001
think,think,268.82,269.12
a,a,269.12,269.13
bad,bad,269.7,269.83
dream,dream,270.0,270.41
I,i,270.41,270.47
guess,guess,270.47,270.78000000000003
Oh,oh,271.16,271.17
you,you,271.17,271.24
gave,gave,271.25,271.5
me,me,271.5,271.63
such,such,271.63,271.88
a,a,271.88,271.94
shock,shock,271.94,272.58
I,i,274.21,274.32
seem,seem,274.32,274.48
to,to,274.48,274.51
be,be,274.51,274.6
having,having,274.6,274.8
a,a,274.8,274.83
lot,lot,274.83,275.0
of,of,275.0,275.07
nightmares,nightmares,275.08,275.67
lately,lately,275.67,276.07
Really,really,276.34,276.56
Yes,yes,277.69,278.0
the,the,278.0,278.08
one,one,278.08,278.24
I,i,278.24,278.29
had,had,278.29,278.43
yesterday,yesterday,278.429999,279.039999
this,this,279.84,280.02
was,was,280.02,280.12
the,the,280.12,280.21
same,same,280.21,280.65
a,a,280.66,280.67
big,big,281.259999,281.499999
explosion,explosion,281.5,282.01
and,and,282.009999,282.109999
then,then,282.11,282.40000000000003
nothing,nothing,282.41,282.90000000000003
You,you,283.29,283.43
had,had,283.45,283.61
a,a,283.61,283.67
dream,dream,283.67,283.99
yesterday,yesterday,283.99,284.58
Well,well,285.42,285.54
of,of,285.54,285.64000000000004
course,course,285.639999,285.909999
I,i,285.91,286.02000000000004
did,did,286.02,286.23
You,you,286.23,286.3
had,,,
the,the,286.42,286.5
same,same,286.5,286.72
sort,sort,286.71999900000003,286.919999
of,of,286.92,287.02000000000004
dream,dream,287.02,287.48
I,i,287.62999999999994,288.02
Guy,guy,288.99,289.32
you're,you're,289.32,289.47
mistaken,mistaken,289.47,289.97
I,i,289.97,290.11
dont,,,
remember,remember,290.52,290.92
dreaming,dreaming,290.92,291.45
Well,well,291.46,291.54999999999995
now,now,291.55,291.64
Mary,mary,291.68,291.97
you,you,291.97,292.07000000000005
told,told,292.07,292.43
me,me,292.43,292.58
Guy,guy,292.62,292.84000000000003
you're,you're,292.84,292.98999999999995
mistaken,mistaken,292.99,293.66
Mary,mary,293.84,294.47
Maybe,maybe,294.56,294.91
you,you,294.91,295.12
dreamed,dreamed,295.13,295.67
I,i,295.67,295.91
had,had,295.92,296.14000000000004
a,a,296.139999,296.199999
dream,dream,296.2,296.34
maybe,maybe,296.8,297.16
Well,,,
yes,yes,297.389999,297.539999
I,i,297.54,297.78000000000003
might,might,298.25,298.4
have,have,298.4,298.51
done,done,298.51,298.67
that,that,298.67,298.81
I,i,298.809999,298.889999
suppose,suppose,298.889999,299.419999
Everything,everything,300.65,300.94
did,did,300.94,301.1
seem,seem,301.099999,301.31999900000005
sort,sort,301.32,301.49
of,of,301.49,301.58
strange,strange,301.59,302.03
yesterday,yesterday,302.03,302.51
Oh,oh,302.589999,302.729999
that's,that's,302.73,303.0
probably,probably,303.02,303.62
it,it,303.62,303.81
You,you,304.16,304.32000000000005
better,better,304.32,304.52
get,get,304.52,304.7
dressed,dressed,304.699999,304.979999
here,here,304.98,305.13
Today’s,today's,305.129999,305.429999
the,the,305.43,305.48
fifteenth,fifteenth,305.48,306.05
that's,that's,306.109999,306.359999
when,when,306.359999,306.45999900000004
the,the,306.47,306.56
quarterly,quarterly,306.57,306.95
statement,statement,306.96,307.19
The,the,307.19,307.21
fifteenth,fifteenth,307.28,307.65
Yes,yes,307.84,308.11
Then,then,308.11,308.23
it,,,
must,must,309.69,309.92
have,have,309.92,310.01
been,been,310.01,310.15
a,a,310.15,310.19
dream,dream,310.19,310.48
because,because,310.48,310.74
yesterday,yesterday,310.74,311.2
was,was,311.2,311.35
the,the,311.35,311.43
fifteenth,fifteenth,311.43,311.87
Guy,guy,321.98,322.21000000000004
Burckhardt,<unk>,322.209999,322.909999
got,got,323.09,323.31
up,up,323.309999,323.519999
dressed,dressed,323.77,324.12
ate,ate,324.5,324.75
breakfast,breakfast,324.75,325.06
and,and,325.62,325.81
took,took,325.81,325.94
the,the,326.19,326.31
usual,usual,326.31,326.79
bus,bus,326.79,327.16
to,to,327.23,327.34000000000003
work,work,327.34,327.48
Once,once,328.22,328.48
again,again,328.48,328.88
everything,everything,328.88,329.36
seemed,seemed,329.36,329.83000000000004
even,even,329.89,330.18
brighter,brighter,330.18,330.63
and,and,330.65,330.94
newer,newer,330.95,331.39
than,than,331.39,331.55
usual,usual,331.55,331.69
And,and,332.8,332.91
once,once,332.91,333.13000000000005
again,again,333.13,333.37
he,he,333.38,333.48
was,was,333.48,333.67
puzzled,puzzled,333.71,334.2
when,when,334.25,334.39
he,he,334.389999,334.459999
noticed,noticed,334.46,334.78
none,none,335.23,335.44
of,of,335.44,335.55
the,the,335.55,335.69
old,old,335.69,336.08
crowd,crowd,336.08,336.51
on,on,336.509999,336.589999
the,the,336.59,336.67999999999995
bus,bus,336.679999,336.89999900000004
Pardon,pardon,339.7,339.93
me,me,339.929999,340.069999
please,please,340.07,340.45
Well,well,341.02,341.17
look,look,341.17,341.34000000000003
don't,don't,341.34,341.6
shove,shove,341.6,341.92
so,so,341.92,342.12
I,i,342.119999,342.239999
oh,oh,343.2,343.35
morning,morning,343.389999,343.659999
Henry,henry,343.66,343.96000000000004
Morning,morning,344.79,345.16
For,for,346.3,346.32
god’s,,,
sake,sake,346.44,346.69
don’t,don't,346.69,346.91
talk,talk,346.92,347.21000000000004
to,to,347.21,347.31
me,me,347.31,347.52
Well,,,
what,what,348.26,348.51
is,is,348.51,348.64
it,it,348.76,348.78
you,you,348.78,348.85
being,being,348.85,349.05
followed,followed,349.05,349.28
or,or,349.45,349.46
something,something,349.46,349.69
Don't,,,
you,,,
know,,,
I,,,
was,was,352.13,352.21
sure,sure,352.21,352.42
you,you,352.42,352.55
remembered,,,
Remembered,remembered,353.51,353.84000000000003
what,what,353.84000000000003,353.87
I,i,354.04,354.11
can’t,can't,354.4,354.66
talk,talk,354.66,354.69
This,this,356.02,356.25
is,is,356.25,356.38
my,my,356.38,356.56
stop,stop,356.559999,356.799999
will,,,
you,you,356.839999,356.969999
excuse,excuse,356.969999,357.379999
me,me,357.38,357.51
please,please,357.509999,357.809999
Well,well,357.82,357.89
Henry,henry,357.9,358.26
Henry,henry,358.68,358.94
for,for,358.940001,359.050001
Pete's,pete's,359.049999,359.319999
sake,sake,364.769999,364.839999
As,as,368.879998,369.009998
in,in,369.179999,369.419999
yesterday's,yesterday's,369.42,370.05
dream,dream,370.07,370.51
Guy,guy,371.07,371.32
Burckhardt,<unk>,371.61,371.88
got,got,372.23,372.4500000000001
off,off,372.45,372.57
at,at,372.66,372.77
his,his,372.77,372.92
stop,stop,372.92,373.23
and,and,373.78,373.81
took,took,373.81,373.84
the,the,374.009999,374.139999
elevator,elevator,374.139999,374.519999
to,to,374.549999,374.659999
the,the,374.66,374.77
ninety,ninety,374.85,375.11
eighth,eighth,375.11,375.16
floor,floor,375.34,375.78
The,the,376.41,376.5
speaker,speaker,376.5,376.96
in,in,376.959999,377.079999
the,the,377.08,377.18
elevator,elevator,377.18,377.78
purred,<unk>,377.83,378.16
a,a,378.17,378.21
new,new,378.21,378.63
commercial,commercial,378.65,379.19
this,this,379.19,379.38
time,time,379.41,379.7600000000001
Marlins,marlins,381.04,381.79
cigarettes,cigarettes,381.81,382.3
They’re,they're,382.92,383.13
sanitized,sanitized,383.16,383.99
Does,does,384.73,384.96
your,your,384.96,385.19
present,present,385.21,385.48
cigarette,cigarette,385.65,385.98
make,make,386.36,386.65
your,your,386.65,386.77
throat,throat,386.77,387.14
feel,feel,387.139999,387.529999
raspy,raspy,387.54,388.03
and,and,388.04,388.43
unpleasant,unpleasant,388.429999,388.969999
Marlins,marlins,389.7,390.21
cigarettes,cigarettes,390.219999,390.869999
contain,contain,390.92,391.39
a,a,391.389999,391.449999
miraculous,miraculous,391.45,392.23
new,new,392.259999,392.499999
drug,drug,392.5,392.89
which,which,393.45,393.68
actually,actually,393.71,394.35
gives,gives,394.359999,394.699999
you,you,394.699999,394.839999
the,the,394.84,394.96
sensation,sensation,394.959999,395.769999
of,of,396.24,396.26
smooth,smooth,396.26,396.96
creamy,creamy,397.07,398.0
smoke,smoke,402.15,402.2
Marlins,marlins,402.35,402.5
cigarettes,cigarettes,402.5,402.59
Marlins,,,
cigarettes,,,
He,he,406.51,406.67
walked,walked,406.67,407.13
down,down,407.17,407.55
the,the,407.559999,407.689999
marbled,<unk>,407.69,407.72
corridor,corridor,408.389999,408.979999
to,to,409.03,409.16
his,his,409.16,409.33
office,office,409.33,409.77
Good,good,413.799999,413.939999
morning,morning,414.109999,414.169999
Mr,mr,414.269999,414.439999
Burckhardt,,,
Good,,,
morning,morning,415.8,416.12
Miss,miss,416.12,416.24
Horne,<unk>,416.25,416.31
You,you,417.57,417.72
like,like,417.72,418.03
my,my,418.03,418.18
new,new,418.38,418.45
hairdo,hairdo,418.45,418.69
Uh,uh,420.3,421.0
yes,yes,421.49,422.43
is,is,422.92,423.03
Mr,mr,423.03,423.28
Barth,<unk>,423.28,423.76
in,in,423.79,424.21
No,no,424.559999,424.989999
sir,,,
he,,,
had,had,425.57,425.79
an,an,425.969999,425.989999
appointment,appointment,425.99,426.63
with,with,426.63,426.8
Mr,mr,426.799999,427.169999
Dorchin,<unk>,427.219999,427.389999
at,,,
the,the,427.809999,427.939999
research,research,427.94,428.55
institute,institute,428.58,429.32
I,i,429.349999,429.579999
know,know,429.58,430.11
You,you,430.779999,430.959999
know,know,430.969999,431.169999
Well,well,431.369999,431.539999
I,i,431.539999,431.609999
guessed,guessed,431.609999,431.899999
it,it,431.9,431.98
anyway,anyway,431.98,432.46
And,and,432.77,432.84
today,today,432.84,433.07
is,is,433.07,433.17
the,the,433.17,433.26
fifteenth,fifteenth,433.26,433.69
of,of,433.69,433.8
June,june,433.8,434.16
and,and,434.16,434.25
he,he,434.25,434.29
won't,won't,434.29,434.5100000000001
be,be,434.51,434.64
here,here,434.64,434.75
to,to,434.75,434.84
sign,sign,434.84,435.09
the,the,435.09,435.18
quarterly,quarterly,435.18,435.57
statement,statement,435.57,436.0
and,and,436.0,436.13
I'm,i'm,436.13,436.32
going,going,436.32,436.58
nuts,nuts,436.59,437.04
Let,let,437.55,437.58
me,me,437.59,437.72
have,have,437.72,437.81
a,a,437.81,437.87
cigarette,cigarette,437.87,438.22
will,will,438.22,438.29
you,you,438.29,438.32
Uh,uh,438.32,438.33
yes,yes,439.09,439.48
sir,sir,439.69,439.75
Try,try,440.54,440.83
one,one,440.83,441.02
of,of,441.02,441.13
these,these,441.31,441.44
They're,they're,441.95,442.18
Marlins,marlins,442.19,442.67
Never,never,443.54,443.81
heard,heard,443.83,444.04
of,of,444.04,444.18
Marlins,marlins,444.19,444.61
before,before,444.61,444.93
today,today,444.929999,445.209999
What,what,445.21,445.38
are,are,445.38,445.49
we,we,445.49,445.62
a,a,445.62,445.67
bunch,bunch,445.67,445.83
of,of,445.83,445.89
guinea,guinea,445.9,446.16
pigs,pigs,446.16,446.61
Something,something,447.13,447.55
wrong,wrong,447.549999,447.929999
Mr,mr,448.499999,448.559999
Burckhardt,<unk>,448.73,448.74
Wrong,wrong,448.75,449.47
Perish,perish,450.32,450.62
the,the,450.62,450.73
thought,thought,450.73,451.06
Miss,miss,451.07,451.28
Horne,<unk>,451.279999,451.289999
perish,perish,451.81,452.17
the,the,452.17,452.31
thought,thought,452.31,452.75
He,he,460.52,460.67
went,went,460.67,460.97
to,to,461.01,461.16
his,his,461.16,461.36
desk,desk,461.36,461.85
and,and,461.849999,461.989999
stared,stared,462.0,462.51
at,at,462.52,462.54
the,the,462.55,462.67
mail,mail,462.67,462.9
before,before,463.82,464.2
he,he,464.2,464.35
opened,opened,464.349999,464.679999
it,it,464.679999,464.739999
He,he,464.79,465.03
knew,knew,465.03,465.38
that,that,466.01,466.2
the,the,466.199999,466.299999
factory,factory,466.299999,466.729999
distributors,distributors,466.73,467.3
envelope,envelope,467.299999,467.649999
contained,contained,468.129999,468.429999
an,an,468.46,468.53
order,order,468.53,468.76
for,for,468.76,468.88
twelve,twelve,468.88,469.3
new,new,469.3,469.57
electronic,electronic,469.57,470.1
computers,computers,470.11,470.63
He,he,471.39,471.56
knew,knew,471.56,471.89
that,that,471.9,472.06
the,the,472.06,472.1
development,development,472.12,472.6
journal,journal,472.6,473.04
contained,contained,473.07,473.4
an,an,473.4,473.51
article,article,473.51,473.87
about,about,473.87,474.07
a,a,474.07,474.11
new,new,474.11,474.38
method,method,474.39,474.74
of,of,474.84,474.93
trans,trans,474.99,475.4
printing,printing,475.43,475.96
selective,selective,475.97,476.63000000000005
brain,brain,476.639999,477.059999
circuits,circuits,477.059999,477.569999
of,of,477.57,477.7
human,human,477.7,478.28
engineers,engineers,478.3,479.02
onto,onto,479.349999,479.899999
the,the,479.9,480.02
electric,electric,480.02,480.49
brain,brain,480.5,480.93
circuits,circuits,480.94,481.45
of,of,481.5,481.65
robot,robot,481.65,482.14
engineers,engineers,482.17,482.78
to,to,483.0,483.16
facilitate,facilitate,483.16,483.9
the,the,483.92,484.09
operation,operation,484.09,484.74
of,of,484.77,484.94
automatic,automatic,484.940001,485.290001
factories,factories,485.34,485.66
He,he,486.53,486.69
knew,knew,486.690001,487.010001
that,that,487.02,487.18
there,there,487.18,487.26
was,was,487.28,487.42
a,a,487.42,487.47
complaint,complaint,487.47,487.89
from,from,487.9,488.09
Finebeck,<unk>,488.09,488.57
and,and,488.57,488.64
Sons,sons,488.64,488.96
about,about,488.96,489.18
the,the,489.18,489.3
Contro,<unk>,489.3,489.64
Chemicals,chemicals,489.67,490.22
newest,newest,490.45,490.96
household,household,491.08,491.76
robot,robot,491.77,492.24
circuit,circuit,492.24,492.64
After,after,494.46,494.78
a,a,494.78,494.85
long,long,494.849999,495.1999990000001
while,while,495.21,495.76
he,he,496.059999,496.239999
forced,forced,496.24,496.65
himself,himself,496.65,497.23
to,to,497.639999,497.769999
open,open,497.79,498.09
them,them,498.11,498.44
They,they,499.42,499.55
were,were,499.549999,499.819999
exactly,exactly,499.82,500.6
as,as,500.91,501.09
he,he,501.089999,501.209999
suspected,suspected,501.21,501.67
hello,hello,505.34,505.68
This,this,506.68,506.77
is,is,506.77,506.79
Swanson,,,
Henry,,,
Swanson,,,
What,what,509.2,509.42
is,is,509.42,509.52
it,it,509.52,509.71
Do,do,510.58,510.6
you,,,
remember,remember,510.6,510.81
Remember,remember,511.31,511.64
what,what,511.64,511.97
Just,just,512.01,512.33
remember,remember,512.33,512.6600000000001
All,all,513.71,513.7500000000001
right,right,513.7500000000001,513.7800000000001
now,now,513.95,514.0200000000001
listen,listen,514.04,514.3
Henry,henry,514.3,514.4599999999999
Let’s,let's,514.46,514.61
stop,stop,514.61,514.83
playing,playing,514.83,515.14
games,games,515.15,515.65
Yesterday,yesterday,516.16,516.64
either,either,516.639999,516.859999
I,i,516.86,517.0
was,was,517.0,517.21
dreaming,dreaming,517.21,517.63
or,or,517.63,517.77
you,you,517.77,518.03
snubbed,snubbed,518.04,518.31
me,me,518.309999,518.429999
on,on,518.429999,518.499999
the,the,518.5,518.6
bus,bus,518.599999,518.949999
Today,today,519.02,519.22
the,the,519.219999,519.329999
same,same,519.33,519.5500000000001
thing,thing,519.549999,519.759999
happened,happened,519.759999,520.159999
Oh,oh,520.459999,520.519999
you,you,520.649999,520.689999
do,do,520.719999,520.889999
remember,remember,520.889999,521.289999
Thank,thank,521.289999,521.499999
heavens,,,
I,,,
thought,thought,523.01,523.14
so,so,523.14,523.27
when,when,523.279999,523.409999
I,i,523.42,523.5
saw,saw,523.51,523.66
you,you,523.66,523.78
but,but,523.78,523.88
I,i,523.88,523.97
couldn't,couldn't,523.98,524.19
be,be,524.19,524.3000000000001
sure,sure,524.3,524.63
Now,now,525.25,525.37
what,what,525.37,525.52
is,is,525.81,525.8299999999999
it,it,526.5899999999999,526.6099999999999
you,you,526.6099999999999,526.6299999999999
want,want,526.6299999999999,526.67
Listen,listen,526.67,526.91
tomorrow,tomorrow,527.4,527.77
morning,morning,527.77,528.0999999999999
when,when,528.3799999999999,528.41
I,i,528.67,528.78
get,get,528.8,528.93
off,off,528.93,529.06
the,the,529.09,529.19
bus,bus,529.19,529.61
you,you,530.25,530.41
get,get,530.41,530.54
off,off,530.54,530.6999999999999
with,with,530.71,530.88
me,me,530.88,531.15
Be,be,532.09,532.23
casual,casual,532.23,532.72
they,they,533.179999,533.369999
may,may,533.37,533.52
be,be,533.52,533.67
watching,watching,533.67,534.05
Who,who,535.009999,535.209999
may,may,535.21,535.38
be,be,535.38,535.51
watching,watching,535.509999,536.029999
Swanson,swanson,537.48,537.9300000000001
Hello,hello,539.22,539.7600000000001
You,you,546.98,547.23
buzzed,,,
Mr,,,
Burckhardt,<unk>,548.57,548.58
Yes,yes,548.59,548.99
I'm,i'm,549.02,549.18
still,still,549.179999,549.3599989999999
out,out,549.36,549.41
of,of,549.41,549.51
cigarettes,cigarettes,549.51,549.9
Would,would,550.32,550.47
you,you,550.469999,550.5499990000001
buy,buy,550.55,550.74
me,me,550.74,550.84
a,a,550.84,550.89
pack,pack,550.889999,551.0699989999999
of,of,551.07,551.1600000000001
Kelvins,<unk>,551.16,551.5699999999999
Wouldn't,wouldn't,551.91,552.23
you,you,552.24,552.38
rather,rather,552.38,552.73
have,have,552.73,552.96
Marlins,marlins,552.96,553.45
I,i,554.389999,554.539999
smoke,smoke,554.54,554.86
Kelvins,<unk>,554.86,555.35
But,but,555.69,555.87
Mr,mr,555.87,556.05
Burckhardt,<unk>,556.440001,556.720001
Marlins,marlins,557.1,557.73
have,have,557.73,557.94
that,that,557.949999,558.1399990000001
soft,soft,558.209999,558.719999
creamy,creamy,558.789999,559.369999
smoke,smoke,559.369999,559.729999
that's,that's,559.74,559.99
so,so,559.99,560.23
soothing,soothing,560.23,560.71
to,to,560.72,560.8000000000001
your,your,560.8,560.9499999999999
throat,throat,560.95,561.26
Oh,oh,561.27,561.6999999999999
you,you,562.5,562.71
really,really,562.71,562.97
believe,believe,562.97,563.26
that,that,563.26,563.4
stuff,stuff,563.4,563.75
Well,well,563.79,563.9
it's,it's,563.9,564.12
true,true,564.12,564.28
I,i,565.68,565.8199999999999
wouldn't,wouldn't,565.82,566.09
say,say,566.099999,566.359999
this,this,566.36,566.5500000000001
Mr,mr,566.55,566.79
Burckhardt,<unk>,566.79,567.51
except,except,567.51,567.8
well,well,569.03,569.3
I've,i've,569.32,569.5
gotten,gotten,569.5,569.69
to,,,
know,,,
you,,,
pretty,pretty,570.24,570.54
well,well,570.54,571.0699999999999
and,and,571.8299999999999,571.8599999999999
I've,i've,571.8699999999999,572.0899999999999
grown,grown,572.6899999999999,573.02
to,to,573.02,573.2099999999999
admire,admire,573.2099999999999,573.6999999999999
you,you,573.6999999999999,573.7199999999999
so,so,574.01,574.23
much,much,574.23,574.96
I,i,575.779999,575.789999
see,see,575.99,576.42
Would,would,576.93,577.1899999999999
you,you,577.19,577.33
mind,mind,577.35,577.66
Mr,mr,577.67,577.93
Burckhardt,<unk>,577.93,578.68
if,if,578.68,578.78
I,i,578.78,578.91
told,told,578.96,579.1700000000001
you,you,579.17,579.24
that,that,579.24,579.45
for,for,579.45,579.59
months,months,579.59,580.02
now,now,580.08,580.39
I,i,580.39,580.5
wanted,wanted,580.51,580.85
to,to,580.85,581.02
well,well,581.99,582.45
just,just,582.77,582.95
comfort,comfort,583.19,583.48
you,you,583.48,583.5
I,i,584.78,584.93
know,know,584.929999,585.299999
how,how,585.309999,585.529999
troubled,troubled,585.58,585.84
you've,you've,585.84,585.87
been,been,586.5,586.53
Well,well,587.7,588.0300000000001
you've,you've,588.03,588.39
uh,uh,588.389999,588.719999
never,never,589.4,589.65
mentioned,mentioned,589.66,590.0699999999999
your,your,590.07,590.32
feelings,feelings,590.32,590.6700000000001
before,before,590.67,591.06
Miss,miss,591.059999,591.269999
Horne,<unk>,591.27,591.3299999999999
April,april,591.839999,592.1899990000001
My,my,593.9,594.16
first,first,594.190001,594.5100010000001
name’s,name's,594.51,594.93
April,april,595.06,595.3
Well,well,596.41,596.64
that's,that's,596.9499999999999,597.0899999999999
a,a,597.26,597.27
pretty,pretty,597.27,597.51
name,name,597.51,597.91
You,you,598.09,598.24
see,see,598.24,598.48
I,i,598.67,598.86
do,do,598.86,599.14
have,have,599.14,599.38
your,your,599.39,599.55
welfare,welfare,599.55,600.0899999999999
at,at,600.09,600.21
heart,heart,600.21,600.57
That's,that's,600.81,601.3
why,why,601.3,601.6999999999999
when,when,601.77,602.24
I,i,602.24,602.38
see,see,602.38,602.56
you,you,602.559999,602.7099989999999
smoking,smoking,602.71,603.1500000000001
Kelvins,<unk>,603.22,603.83
and,,,
I,i,603.95,604.0400000000001
know,know,604.059999,604.2399989999999
Marlins,marlins,604.24,604.83
are,are,604.83,604.89
so,so,604.889999,605.059999
much,much,605.059999,605.279999
better,better,605.28,605.55
won’t,won't,606.429999,606.7099989999999
you,you,606.71,606.8000000000001
let,let,606.799999,606.939999
me,me,606.98,607.16
buy,buy,607.179999,607.529999
some,some,607.549999,607.779999
of,of,607.78,607.92
them,them,607.92,608.06
for,for,608.07,608.21
you,you,608.4200000000001,608.61
huh,huh,608.6700000000001,608.86
Well,well,610.75,611.14
I,i,612.299999,612.309999
suppose,suppose,612.34,612.65
so,so,612.699999,613.229999
Why,why,613.72,613.84
not,not,613.84,614.0600000000001
Yeah,yeah,614.98,615.14
bring,bring,615.14,615.3199999999999
me,me,615.32,615.38
a,a,615.38,615.43
carton,carton,615.43,615.8499999999999
Oh,oh,617.24,617.42
thank,,,
you,,,
Mr,,,
Burckhardt,<unk>,617.9799999999999,618.37
Guy,guy,618.42,618.66
I,i,622.03,622.3299999999999
uh,uh,622.33,622.6600000000001
I,i,623.389999,623.469999
think,think,623.469999,623.6699990000001
you,you,623.67,623.8199999999999
ought,ought,623.82,624.0
to,to,624.0,624.1
go,go,624.11,624.65
I'll,i'll,625.179999,625.369999
be,be,625.37,625.49
back,back,630.34,630.37
There,there,633.43,633.67
was,was,633.67,633.8399999999999
something,something,633.84,634.3100000000001
wrong,wrong,634.31,634.6099999999999
something,something,635.73,636.22
definitely,definitely,636.23,636.87
peculiar,peculiar,637.26,637.5
about,about,637.77,637.99
what,what,637.99,638.15
was,was,638.15,638.24
happening,happening,638.24,638.59
the,the,639.26,639.38
call,call,639.38,639.66
from,from,639.66,639.8299999999999
Henry,henry,639.83,640.08
Swanson,swanson,640.08,640.37
the,the,641.37,641.47
strange,strange,641.469999,641.899999
behavior,behavior,641.9,642.4599999999999
of,of,642.46,642.59
his,his,642.59,642.73
secretary,secretary,642.74,643.3
Miss,miss,643.299999,643.499999
Horne,<unk>,643.5,643.59
these,these,644.66,644.77
new,new,644.77,645.04
products,products,645.07,645.5200000000001
the,the,645.53,645.64
dream,dream,645.639999,646.159999
Guy,guy,647.51,647.72
Burckhardt,<unk>,647.73,648.29
went,went,648.309999,648.499999
home,home,648.5,648.9
that,that,648.92,649.0799999999999
night,night,649.11,649.46
feeling,feeling,650.05,650.74
like,like,650.79,651.03
a,a,651.03,651.0799999999999
man,man,651.08,651.5400000000001
in,in,651.55,651.68
a,a,651.68,651.7299999999999
nightmare,nightmare,651.73,652.3100000000001
That,that,654.01,654.22
you,you,654.22,654.37
dear,dear,654.37,654.59
It's,it's,655.64,655.88
me,me,655.88,656.25
You,,,
have,have,656.75,656.96
a,a,656.96,656.99
good,good,656.99,657.11
day,day,657.12,657.54
Fair,fair,657.98,658.39
Oh,oh,658.98,659.23
before,before,659.33,659.7700000000001
you,you,659.77,659.89
sit,sit,659.889999,660.059999
down,down,660.059999,660.3599989999999
will,will,660.37,660.51
you,you,660.509999,660.639999
go,go,660.639999,660.729999
down,down,660.73,661.0
to,,,
the,the,661.0,661.09
cellar,cellar,661.09,661.35
and,and,661.349999,661.489999
put,put,661.49,661.55
in,in,661.549999,661.689999
a,a,661.69,661.74
new,new,661.74,661.94
fuse,fuse,661.94,662.4200000000001
The,the,662.7,662.84
switch,switch,662.839999,663.119999
in,in,663.12,663.21
the,the,663.21,663.3000000000001
hall,hall,663.299999,663.539999
closet,closet,663.54,663.9699999999999
blew,blew,663.969999,664.139999
out,out,664.139999,664.379999
I,i,664.440001,664.620001
I,i,664.619999,664.779999
shut,shut,664.779999,664.999999
it,it,665.0,665.11
off,off,665.109999,665.449999
Okay,okay,665.83,666.35
Supper,supper,666.66,666.9699999999999
will,will,666.969999,667.0499990000001
be,be,667.049999,667.149999
ready,ready,667.15,667.3
in,in,667.299999,667.369999
a,a,667.369999,667.399999
minute,minute,667.4,667.66
so,so,667.66,667.77
don't,don't,667.77,667.9499999999999
start,start,667.9499999999999,668.2199999999999
fooling,fooling,668.2199999999999,668.35
around,around,668.52,668.77
with,with,668.77,668.8199999999999
that,that,668.84,669.02
old,old,669.02,669.23
boat,boat,669.29,669.37
hull,hull,669.52,669.8299999999999
you've,you've,669.83,670.0500000000001
been,been,670.05,670.2299999999999
building,building,670.26,670.66
I,i,670.67,670.8399999999999
won't,won't,670.84,671.1800000000001
Mary,mary,688.0,688.26
Mary,mary,688.9,689.31
What,what,690.63,690.81
is,is,690.81,690.9399999999999
it,it,690.9399999999999,691.13
Come,come,691.47,691.63
down,down,691.63,691.82
here,here,691.82,691.94
hurry,hurry,691.95,692.1800000000001
up,up,692.179999,692.3399989999999
What,what,695.09,695.37
is,is,695.37,695.49
it,it,695.49,695.76
I,,,
don't,,,
know,know,696.33,696.51
I'm,i'm,696.509999,696.619999
not,not,696.62,696.74
sure,sure,696.74,697.29
I,i,698.12,698.2
was,was,698.2,698.2900000000001
looking,looking,698.29,698.48
for,for,698.48,698.5600000000001
a,a,698.559999,698.6099989999999
fuse,fuse,698.61,698.95
and,and,698.96,699.01
I,i,699.009999,699.049999
thought,thought,699.049999,699.239999
maybe,maybe,699.24,699.48
I'd,i'd,699.48,699.86
dropped,dropped,699.969999,700.249999
one,one,700.25,700.38
under,under,700.379999,700.569999
the,the,700.57,700.75
boathouse,boathouse,700.77,701.24
so,so,701.25,701.36
I,i,701.359999,701.449999
scratched,scratched,701.459999,701.7999990000001
around,around,701.799999,702.189999
Look,look,702.889999,703.2199989999999
let,let,703.82,703.9200000000001
me,me,703.92,704.0
put,put,704.0,704.13
the,the,704.13,704.1899999999999
flashlight,flashlight,704.19,704.57
on,on,704.57,704.6700000000001
it,it,704.7600000000001,704.7800000000001
Where,where,706.1400000000001,706.4200000000001
Look,look,707.3900000000001,707.4200000000001
at,,,
the,the,707.59,707.6700000000001
floor,floor,707.67,708.0899999999999
What,what,709.04,709.24
about,,,
the,the,709.48,709.5600000000001
floor,floor,709.56,709.9799999999999
It's,it's,710.5,710.53
supposed,supposed,710.559999,710.929999
to,to,710.929999,710.999999
be,be,711.01,711.15
cement,cement,711.15,711.59
Well,well,712.25,712.68
Well,well,713.01,713.17
it's,it's,713.17,713.3
copper,copper,713.3,713.8399999999999
There's,there's,714.66,714.81
a,a,714.809999,714.8699989999999
thin,thin,714.87,715.0600000000001
layer,layer,715.059999,715.299999
of,of,715.299999,715.399999
cement,cement,715.4,715.64
but,but,715.71,715.77
underneath,underneath,715.78,716.17
its,its,716.17,716.3399999999999
metal,metal,716.34,716.72
Look,look,717.78,717.98
here,here,718.12,718.25
Underneath,underneath,722.58,722.7
the,the,722.87,722.97
concrete,concrete,722.97,723.48
more,more,723.99,724.24
metal,metal,724.24,724.55
And,and,725.25,725.37
here,here,725.37,725.57
on,on,725.57,725.6600000000001
the,the,725.66,725.74
wall,wall,725.74,726.05
You,you,728.86,728.88
see,see,729.07,729.4000000000001
Metal,metal,729.429999,729.7199989999999
Metal,metal,730.33,730.5400000000001
under,under,730.54,730.7099999999999
the,the,730.71,730.7800000000001
floor,floor,730.78,731.12
behind,behind,731.12,731.42
the,the,731.42,731.5
walls,walls,731.5,731.83
every,every,731.83,732.0500000000001
place,place,732.05,732.4499999999999
Well,well,732.59,732.7900000000001
I,i,732.79,732.9
I,i,732.92,733.12
don't,don't,733.15,733.37
really,really,733.42,733.74
understand,understand,733.74,734.47
Mary,mary,734.48,734.74
I,i,734.74,734.8100000000001
know,know,734.809999,734.9499989999999
this,this,734.95,735.08
sounds,sounds,735.08,735.35
crazy,crazy,735.349999,735.639999
but,but,735.639999,735.769999
somebody,somebody,735.77,736.21
for,for,736.209999,736.359999
reasons,reasons,736.359999,736.719999
I,i,736.719999,736.8099990000001
can't,can't,736.809999,737.039999
even,even,737.039999,737.1999989999999
begin,begin,737.199999,737.499999
to,to,737.5,737.62
guess,guess,737.619999,737.919999
has,has,737.92,738.11
taken,taken,738.190001,738.490001
this,this,738.49,738.67
house,house,738.67,738.9
and,and,738.9,739.0
replaced,replaced,739.0,739.41
it,it,739.41,739.4399999999999
with,with,739.47,739.61
a,a,739.61,739.65
clever,clever,739.65,739.91
imitation,imitation,739.91,740.49
Guy,guy,740.61,740.66
Mary,mary,741.37,741.55
I'm,i'm,741.55,741.66
going,going,741.66,741.6999999999999
to,,,
look,look,741.8,741.93
around,around,741.93,742.2199999999999
a,a,742.22,742.23
little,little,742.23,742.37
more,more,742.37,742.62
Well,well,742.74,742.89
your,your,742.89,743.04
dinner,dinner,743.04,743.31
will,will,743.31,743.39
be,be,743.39,743.51
ready,ready,743.51,743.67
All,all,743.73,743.86
right,right,743.86,744.0500000000001
save,save,744.05,744.2199999999999
it,it,744.22,744.24
for,,,
me,me,744.47,744.69
There,there,744.85,744.8800000000001
are,are,744.8800000000001,744.8900000000001
a,a,745.64,745.6999999999999
couple,couple,745.7,745.9200000000001
of,of,745.92,746.01
things,things,746.01,746.27
I've,i've,746.27,746.39
got,got,746.389999,746.489999
to,to,746.5,746.59
figure,figure,746.59,746.94
out,out,746.94,747.24
The,the,755.07,755.1800000000001
following,following,755.18,755.65
morning,morning,755.65,756.24
Guy,guy,756.25,756.58
Burckhardt,<unk>,756.6,757.27
woke,woke,757.65,757.93
up,up,757.93,758.14
screaming,screaming,759.01,759.43
He,he,760.25,760.53
dragged,dragged,760.53,760.93
himself,himself,760.93,761.3599999999999
into,into,761.36,761.5500000000001
the,the,761.55,761.65
kitchen,kitchen,761.65,761.97
where,where,761.97,762.11
his,his,762.11,762.3000000000001
wife,wife,762.3,762.55
Mary,mary,762.55,762.8499999999999
was,was,762.85,763.24
preparing,preparing,763.28,763.7099999999999
breakfast,breakfast,763.71,764.0
and,and,764.63,764.79
discovered,discovered,764.79,765.2199999999999
it,it,765.22,765.3000000000001
was,was,765.309999,765.4699989999999
still,still,765.469999,765.979999
June,june,766.57,766.9000000000001
fifteenth,fifteenth,766.929999,767.369999
Mary,mary,769.33,769.6600000000001
where’s,where's,769.92,770.0999999999999
the,the,770.099999,770.1799990000001
morning,morning,770.179999,770.399999
paper,paper,770.4,770.5799999999999
where,where,770.589999,770.7999990000001
is,is,770.799999,770.879999
it,it,770.88,771.04
It's,it's,771.049999,771.169999
outside,outside,771.27,771.72
the,the,771.719999,771.7899990000001
door,door,771.79,772.06
I,i,772.059999,772.1999989999999
guess,guess,772.2399989999999,772.7099989999999
Uh,uh,777.18,777.25
huh,huh,777.25,777.62
June,june,778.03,778.3199999999999
15th,<unk>,778.3299999999999,778.8499999999999
You'd,you'd,778.93,778.9599999999999
better,better,779.13,779.33
hurry,hurry,779.33,779.57
dea,<unk>,779.58,779.8100000000001
Today's,today's,779.81,780.16
the,the,780.16,780.2199999999999
day,day,780.22,780.4100000000001
Mr,mr,780.41,780.61
Barth,<unk>,780.61,780.9300000000001
fills,fills,780.93,781.18
out,out,781.18,781.3199999999999
the,the,781.32,781.4200000000001
quarterly,quarterly,781.42,781.81
tax,tax,781.81,782.16
return,return,782.16,782.4499999999999
Oh,oh,782.45,782.96
no,no,782.96,783.19
it,it,783.19,783.2900000000001
isn't,isn't,783.29,783.53
Why,why,783.76,784.05
He,he,784.09,784.2800000000001
won't,won't,784.28,784.5699999999999
be,be,784.57,784.73
there,there,784.73,785.27
He’ll,he'll,785.719999,785.859999
get,get,785.86,786.0
a,a,786.0,786.08
meeting,meeting,786.08,786.38
with,with,786.38,786.48
that,that,786.48,786.61
crackpot,crackpot,786.639999,787.159999
Dorchin,<unk>,787.17,787.5999999999999
at,at,787.599999,787.699999
the,the,787.7,787.8100000000001
human,human,787.809999,788.169999
research,research,788.17,788.51
institute,institute,788.509999,788.979999
Mr,,,
Dorchin,<unk>,789.23,789.6700000000001
He’ll,he'll,789.71,789.95
be,be,789.95,790.0600000000001
there,there,790.059999,790.5999989999999
and,and,791.1,791.2
Miss,miss,791.199999,791.379999
Horne,<unk>,791.389999,791.689999
will,will,791.690001,791.7800010000001
have,have,791.779999,791.909999
a,a,791.91,791.9399999999999
new,new,791.940001,792.100001
hairdo,hairdo,792.1,792.61
and,,,
the,the,792.699999,792.7799990000001
elevator,elevator,792.78,793.15
will,will,793.15,793.24
be,be,793.24,793.35
selling,selling,793.36,793.61
some,some,793.61,793.79
new,new,793.79,793.99
product,product,794.0,794.35
and,and,794.35,794.47
Swanson,swanson,794.47,795.0600000000001
What,what,795.93,796.0699999999999
about,about,796.07,796.2900000000001
Swanson,swanson,796.29,796.5799999999999
Swanson,swanson,797.97,798.38
he,he,798.38,798.48
said,said,798.48,798.72
I,i,800.51,800.59
wonder,wonder,800.59,800.7800000000001
if,if,800.78,800.8299999999999
it's,it's,800.83,800.94
going,going,800.94,801.08
to,to,801.08,801.12
be,be,801.12,801.21
the,the,801.21,801.33
same,same,801.33,801.59
today,today,801.59,802.14
or,or,802.27,802.38
whether,whether,802.41,802.74
Guy,guy,802.92,803.17
what,what,803.23,803.37
in,in,803.37,803.45
the,the,803.45,803.5600000000001
world,world,803.559999,803.899999
are,are,803.9,803.97
you,you,803.969999,804.099999
talking,talking,804.099999,804.5499990000001
about,about,804.55,804.6999999999999
Huh,huh,804.96,805.22
Uh,uh,806.48,806.74
nothing,nothing,806.74,807.0600000000001
nevermind,nevermind,807.07,807.2800000000001
Where's,where's,807.29,807.4599999999999
my,my,807.46,807.58
coat,coat,807.58,807.84
You,you,807.87,807.9
haven't,haven't,807.9,808.11
had,had,808.109999,808.219999
any,any,808.219999,808.379999
breakfast,breakfast,808.379999,808.659999
yet,,,
I,i,808.76,808.85
don't,don't,808.859999,808.989999
want,want,808.99,809.09
to,to,809.09,809.15
miss,miss,809.15,809.29
my,my,809.289999,809.439999
bus,bus,809.440001,809.7600010000001
I'll,i'll,809.789999,810.0799989999999
see,see,810.08,810.22
you,you,810.219999,810.2899990000001
tonight,tonight,810.29,810.6999999999999
Guy,guy,813.65,814.02
Burckhardt,<unk>,814.35,814.69
got,got,814.77,815.09
on,on,815.12,815.26
his,his,815.26,815.45
bus,bus,815.45,815.71
There,there,816.27,816.43
were,were,816.43,816.5799999999999
the,the,816.58,816.69
same,same,816.69,817.1300000000001
unfamiliar,unfamiliar,817.17,817.79
faces,faces,817.79,818.3199999999999
the,the,818.37,818.47
same,same,818.47,818.88
unusually,unusually,818.92,819.75
new,new,819.76,819.98
looking,looking,820.01,820.35
buildings,buildings,820.36,820.78
the,the,820.79,820.91
same,same,820.91,821.25
unusually,unusually,821.28,822.11
bright,bright,822.12,822.44
sunshine,sunshine,822.44,823.1300000000001
And,and,823.67,823.8399999999999
on,on,823.84,824.12
the,the,824.139999,824.249999
customary,customary,824.25,824.95
corner,corner,824.95,825.5500000000001
Henry,henry,826.039999,826.399999
Swanson,swanson,826.4,827.05
pale,pale,827.09,827.4300000000001
and,and,827.43,827.64
furtive,furtive,827.65,828.11
climbed,climbed,828.379999,828.729999
aboard,aboard,828.73,829.2
Excuse,excuse,833.23,833.47
me,me,833.47,833.61
sir,sir,833.61,833.84
It's,it's,834.39,834.43
quite,quite,834.43,834.62
alright,alright,834.62,834.97
Do,do,835.79,835.9599999999999
you,,,
remember,remember,835.96,836.3100000000001
the,the,836.309999,836.389999
phone,phone,836.389999,836.639999
call,call,836.639999,836.929999
Yes,yes,837.44,837.95
Oh,oh,838.16,838.17
thank,thank,838.17,838.43
heaven,,,
Get,get,839.07,839.2700000000001
off,off,839.27,839.4499999999999
at,at,839.45,839.5500000000001
the,the,839.55,839.62
next,next,839.62,839.85
corner,corner,839.849999,840.159999
and,and,840.16,840.29
follow,follow,840.4499999999999,840.55
me,me,840.55,840.79
Where,where,841.08,841.23
are,are,841.23,841.28
you,you,841.28,841.39
going,going,841.389999,841.759999
There's,there's,842.24,842.44
an,an,842.44,842.5500000000001
excavation,excavation,842.549999,843.2199989999999
for,for,843.219999,843.359999
a,a,843.36,843.44
building,,,
about,about,843.799999,843.9599989999999
a,a,843.96,844.01
block,block,844.01,844.29
down,down,844.289999,844.5799989999999
Make,make,845.51,845.73
sure,sure,845.73,845.98
you,you,845.98,846.1
aren't,aren't,846.1,846.34
followed,followed,846.35,846.6700000000001
I'll,i'll,847.18,847.3299999999999
go,go,847.33,847.48
first,first,847.48,847.79
Burckhardt,<unk>,850.58,851.0
here,here,860.9,861.02
behind,behind,861.19,861.44
the,the,861.44,861.5200000000001
fence,fence,861.6400000000001,861.9100000000001
All,all,863.879999,863.999999
right,right,864.0,864.28
now,now,864.279999,864.4599989999999
Henry,henry,864.47,864.77
what's,what's,864.77,864.9499999999999
this,this,864.95,865.12
all,all,865.12,865.27
about,about,865.27,865.66
I'm,i'm,865.77,866.0
not,not,866.0,866.18
sure,sure,866.18,866.55
At,at,867.73,867.88
first,first,867.88,868.18
I,i,868.18,868.2199999999999
thought,thought,868.22,868.4100000000001
perhaps,perhaps,868.41,868.6899999999999
they,they,868.69,868.7900000000001
were,were,868.79,868.93
Russians,russians,868.93,869.42
Now,now,870.2,870.45
I'm,i'm,870.45,870.57
beginning,beginning,870.57,870.8900000000001
to,to,870.89,870.97
think,think,870.97,871.1700000000001
they’re,they're,871.17,871.31
Martians,martians,871.31,871.93
No,no,872.65,872.87
humans,humans,872.87,873.36
could,could,873.36,873.46
have,have,873.46,873.59
accomplished,accomplished,873.59,874.08
what,what,874.08,874.22
they've,they've,874.219999,874.4399990000001
accomplished,accomplished,874.44,874.86
Now,now,874.87,875.15
wait,wait,875.24,875.5
a,a,875.5,875.55
minute,minute,875.55,875.79
Start,start,875.79,876.0699999999999
from,from,876.07,876.1800000000001
the,the,876.179999,876.259999
beginning,beginning,876.259999,876.719999
Henry,henry,876.73,877.02
What's,what's,877.02,877.1999999999999
going,going,877.2,877.48
on,on,877.48,877.87
Look,look,878.179999,878.5999989999999
Burckhardt,<unk>,878.969999,879.009999
peculiar,peculiar,879.509999,880.119999
things,things,880.15,880.38
have,have,880.379999,880.489999
been,been,880.49,880.64
happening,happening,880.639999,881.059999
to,to,881.059999,881.169999
you,you,881.17,881.3299999999999
right,right,881.33,881.6500000000001
Yes,yes,882.58,882.99
A,a,883.55,883.63
lot,lot,883.63,883.79
of,of,883.79,883.91
your,your,883.91,884.02
friends,friends,884.02,884.4399999999999
are,are,884.44,884.5100000000001
missing,missing,884.51,884.9
your,your,884.9,885.05
house,house,885.06,885.3299999999999
seems,seems,885.33,885.72
changed,changed,885.72,886.24
Yeah,yeah,886.25,886.27
there's,there's,886.5799999999999,886.62
something,something,887.12,887.44
stranger,stranger,887.44,887.8000000000001
than,than,887.8,887.89
that,that,887.89,888.25
the,the,888.83,888.9300000000001
date,date,888.93,889.91
Today,today,890.08,890.3000000000001
is,is,890.3,890.41
June,june,890.41,890.65
fifteenth,fifteenth,890.65,891.1899999999999
yet,yet,891.61,891.79
I,i,891.79,891.86
could,could,891.86,892.01
swear,swear,892.01,892.3199999999999
yesterday,yesterday,892.32,892.72
was,was,892.719999,892.859999
June,june,892.86,893.11
fifteenth,fifteenth,893.11,893.51
and,and,893.509999,893.539999
the,the,893.559999,893.649999
day,day,893.65,893.81
before,before,893.809999,894.129999
that,that,894.13,894.35
You,you,894.53,894.74
got,got,894.759999,894.929999
it,it,894.929999,895.059999
friend,friend,895.059999,895.429999
it's,it's,895.849999,896.109999
always,always,896.12,896.67
June,june,896.67,896.9499999999999
fifteenth,fifteenth,896.95,897.48
and,and,898.17,898.3299999999999
you,you,898.34,898.5300000000001
and,and,898.529999,898.679999
I,i,898.68,898.8399999999999
are,are,898.84,898.94
the,the,898.940001,899.0500010000001
only,only,899.059999,899.399999
ones,ones,899.4,899.61
who,who,899.609999,899.759999
know,know,899.76,899.96
it,,,
But,but,899.969999,900.099999
why,why,900.949999,901.309999
Henry,henry,901.32,901.65
how,how,901.65,902.11
I'm,i'm,902.8,902.97
not,not,902.97,903.1
sure,sure,903.1,903.21
I,i,904.64,904.97
think,think,905.0,905.19
it's,it's,905.19,905.3
some,some,905.3,905.51
sort,sort,905.51,905.69
of,of,905.69,905.89
mass,mass,905.9,906.37
hypnosis,hypnosis,906.37,907.0
or,or,907.0,907.08
something,something,907.08,907.47
Well,well,907.57,907.68
why,why,907.68,907.85
doesn't,doesn't,907.85,908.04
it,it,908.04,908.13
work,work,908.139999,908.329999
for,for,908.33,908.49
us,us,908.49,908.86
My,my,909.5,909.6
wife,wife,909.599999,909.839999
Mary,mary,909.84,910.08
doesn't,doesn't,910.08,910.26
remember,remember,910.26,910.52
a,a,910.52,910.59
thing,thing,910.59,910.99
Somehow,somehow,911.38,911.94
when,when,911.94,912.18
it,it,912.179999,912.289999
happened,happened,912.3,912.81
they,they,912.809999,912.939999
missed,missed,912.94,913.3
us,us,913.299999,913.659999
We,we,914.309999,914.489999
were,were,914.49,914.62
protected,protected,914.62,915.31
from,from,915.309999,915.489999
the,the,915.49,915.59
full,full,915.589999,915.879999
force,force,915.889999,916.199999
of,of,916.199999,916.359999
the,the,916.359999,916.509999
rays,rays,916.51,917.01
or,or,917.01,917.24
whatever,whatever,917.389999,917.769999
they,they,917.77,917.89
used,used,917.889999,918.259999
Burckhardt,<unk>,920.09,920.29
where,where,920.53,920.77
were,were,920.77,920.96
you,you,920.96,921.12
on,on,921.12,921.27
the,the,921.27,921.37
night,night,921.37,921.57
of,of,921.57,921.7
the,the,921.7,921.77
fourteenth,fourteenth,921.77,922.24
about,about,922.3,922.56
midnight,midnight,922.56,923.03
Let,let,924.0,924.05
me,me,924.05,924.16
see,see,924.16,924.35
that,that,924.35,924.48
was,was,924.48,924.62
Sunday,sunday,924.62,924.88
night,night,924.88,925.11
Yes,yes,925.11,925.52
Yeah,yeah,926.71,926.88
I,i,926.88,926.93
was,was,926.929999,927.039999
down,down,927.05,927.2
in,in,927.2,927.26
the,the,927.26,927.36
cellar,cellar,927.36,927.69
under,under,927.69,927.91
the,the,927.91,928.5
the,the,928.51,928.63
boat,boat,928.639999,928.879999
I'm,i'm,928.88,928.98
building,building,928.98,929.35
And,,,
I,i,929.92,930.11
was,was,930.11,930.27
in,in,930.27,930.4
my,my,930.4,930.57
darkroom,darkroom,930.57,931.1
developing,developing,931.099999,931.569999
some,some,931.57,931.74
pictures,pictures,931.74,932.23
This,this,933.38,933.64
just,just,933.639999,933.839999
doesn't,doesn't,933.839999,934.089999
make,make,934.09,934.25
any,any,934.25,934.44
sense,sense,934.449999,934.789999
to,to,934.789999,934.919999
me,me,934.92,935.17
Russians,russians,935.18,935.79
Martians,martians,935.809999,936.599999
what,what,936.609999,936.789999
makes,makes,936.79,936.97
you,you,936.97,937.07
think,think,937.08,937.26
that,that,937.26,937.66
I've,i've,938.42,938.66
seen,seen,938.66,938.95
them,them,938.95,939.13
Where,where,940.31,940.73
At,at,941.13,941.28
the,the,941.28,941.39
end,end,941.39,941.52
of,of,941.52,941.64
the,the,941.64,941.71
tunnel,tunnel,941.71,942.08
What,what,942.28,942.51
tunnel,tunnel,942.51,942.93
The,the,942.94,943.07
one,one,943.07,943.3
they,they,943.3,943.46
built,built,943.47,943.76
under,under,943.76,944.05
Tylertown,<unk>,944.05,944.7
A,a,944.7,944.71
tunnel,tunnel,945.73,946.06
under,under,946.059999,946.279999
Tylertown,<unk>,946.32,946.67
Yes,yes,947.05,947.32
that's,that's,947.33,947.54
right,right,947.54,947.79
It's,it's,948.44,948.63
made,made,948.639999,948.869999
out,out,948.87,948.97
of,of,948.969999,949.159999
copper,copper,949.21,949.72
or,or,949.719999,949.809999
some,some,949.809999,950.099999
alloy,<unk>,950.099999,950.359999
Wait,wait,951.57,951.78
a,a,951.78,951.84
minute,minute,951.839999,952.139999
I,i,952.98,953.08
found,found,953.08,953.3
a,a,953.299999,953.389999
copper,copper,953.4,953.7
layer,layer,953.699999,953.919999
under,under,953.92,954.08
my,my,954.08,954.21
cellar,cellar,954.209999,954.489999
floor,floor,954.49,954.74
last,last,954.74,954.96
night,night,954.96,955.22
So,so,955.28,955.49
did,did,955.49,955.65
I,i,955.65,955.87
That's,that's,956.34,956.52
how,how,956.52,956.68
I,i,956.68,956.74
discovered,discovered,956.74,957.2
it,it,957.2,957.32
I,i,958.25,958.36
found,found,958.36,958.6
a,a,958.6,958.64
way,way,958.64,958.78
to,to,958.78,958.88
get,get,958.88,959.0
in,in,959.0,959.17
too,too,959.17,959.51
It's,it's,959.99,960.16
at,at,960.16,960.27
the,the,960.27,960.39
bottom,bottom,960.4,960.71
of,of,960.71,960.85
this,this,960.85,961.02
excavation,excavation,961.02,961.74
Holy,holy,962.58,963.0
mackerel,mackerel,963.01,963.54
Henry,henry,964.29,964.53
why,why,964.53,964.63
don't,don't,964.63,964.73
we,we,964.73,964.83
tell,tell,964.83,964.99
the,the,964.99,965.08
police,police,965.08,965.47
Because,because,965.5,965.99
we,we,965.99,966.14
can't,can't,966.139999,966.429999
trust,trust,966.44,966.79
them,them,966.79,967.02
Even,even,967.42,967.68
the,the,967.679999,967.759999
police,police,967.759999,968.139999
may,may,968.139999,968.279999
be,be,968.28,968.4
Martians,martians,968.4,968.9
in,in,968.9,969.04
disguise,disguise,969.04,969.49
Oh,oh,969.49,969.56
come,come,969.559999,969.759999
on,on,969.759999,969.879999
now,now,969.88,969.96
you're,you're,969.96,970.07
being,being,970.07,970.26
melodramatic,melodramatic,970.27,970.75
Oh,oh,970.75,970.92
am,am,970.92,971.13
I,i,971.129999,971.299999
Well,well,971.949999,972.029999
you,you,972.039999,972.189999
just,just,972.190001,972.360001
come,come,972.37,972.56
with,with,972.56,972.72
me,me,972.72,972.9
Where,where,972.959999,973.379999
Into,into,973.55,973.81
the,the,973.81,973.94
tunnel,tunnel,973.95,974.21
I'll,i'll,974.39,974.6
show,show,974.6,974.85
you,you,974.85,974.98
Henry,henry,982.01,982.34
Swanson,swanson,982.34,982.83
led,led,982.83,983.06
Guy,guy,983.059999,983.289999
Burckhardt,<unk>,983.3,983.77
to,to,983.91,983.93
a,a,983.93,983.94
small,small,983.94,984.31
hole,hole,984.31,984.44
on,on,984.61,984.71
the,the,984.71,984.8
side,side,984.799999,985.029999
of,of,985.03,985.11
the,the,985.12,985.23
excavation,excavation,985.23,985.91
There,there,986.309999,986.609999
he,he,986.61,986.73
removed,removed,986.73,987.04
the,the,987.049999,987.179999
cutout,<unk>,987.179999,987.559999
piece,piece,987.57,987.87
of,of,987.87,987.94
metallic,metallic,987.98,988.44
substance,substance,988.440001,988.880001
and,and,988.879999,989.049999
they,they,989.049999,989.169999
crawled,crawled,989.17,989.62
into,into,989.619999,989.819999
a,a,989.82,989.89
dimly,dimly,989.889999,990.299999
lighted,lighted,990.3,990.6
tunnel,tunnel,990.64,991.01
They,they,991.449999,991.569999
walked,walked,991.57,991.92
for,for,991.93,992.08
what,what,992.08,992.3
seemed,seemed,992.3,992.62
like,like,992.63,992.9
two,two,992.9,993.08
miles,miles,993.08,993.53
until,until,993.53,993.85
Swanson,swanson,993.85,994.45
held,held,994.7,994.92
his,his,994.92,995.1
finger,finger,995.1,995.44
to,to,995.48,995.61
his,his,995.61,995.8
lips,lips,995.8,996.14
We’ve,we've,998.27,998.4
got,got,998.4,998.52
to,to,998.52,998.58
be,be,998.58,998.67
quiet,quiet,998.67,999.06
now,now,999.059999,999.459999
Henry,henry,999.969999,1000.279999
this,this,1000.28,1000.43
is,is,1000.429999,1000.599999
fantastic,fantastic,1000.599999,1001.539999
They've,they've,1002.05,1002.18
got,got,1002.179999,1002.319999
a,a,1002.32,1002.36
tunnel,tunnel,1002.36,1002.63
right,right,1002.67,1002.82
under,under,1002.82,1002.98
the,the,1002.98,1003.06
whole,whole,1003.059999,1003.289999
town,town,1003.309999,1003.679999
Oh,oh,1003.929999,1004.079999
you,you,1004.08,1004.28
haven't,haven't,1004.29,1004.56
seen,seen,1004.559999,1004.769999
anything,anything,1004.77,1005.17
yet,yet,1005.17,1005.37
There's,there's,1006.68,1006.89
a,a,1006.889999,1006.979999
room,room,1006.98,1007.29
a,a,1007.289999,1007.359999
little,little,1007.359999,1007.559999
farther,farther,1007.559999,1007.909999
down,down,1007.91,1008.19
We'll,we'll,1008.709999,1008.859999
be,be,1008.859999,1008.959999
able,able,1008.96,1009.06
to,to,1009.06,1009.11
look,look,1009.11,1009.35
through,through,1009.35,1009.58
a,a,1009.58,1009.66
glass,glass,1009.66,1010.1
in,in,1010.1,1010.2
the,the,1010.2,1010.31
door,door,1010.31,1010.82
Is,is,1011.01,1011.13
it,it,1011.13,1011.25
safe,safe,1011.25,1011.67
It's,it's,1012.54,1012.78
perfectly,perfectly,1012.79,1013.26
safe,safe,1013.26,1013.5
unless,unless,1013.87,1014.19
one,one,1014.19,1014.31
of,of,1014.31,1014.42
them,them,1014.42,1014.62
comes,comes,1014.62,1014.85
along,along,1014.85,1015.16
Come,come,1016.429999,1016.609999
on,on,1016.61,1016.78
Okay,okay,1016.94,1017.49
Here,here,1021.77,1021.89
Burckhardt,<unk>,1024.299999,1024.789999
look,look,1024.799999,1025.039999
through,through,1025.039999,1025.279999
this,this,1025.279999,1025.469999
glass,glass,1025.49,1025.79
Now,now,1027.5,1027.59
just,just,1027.76,1027.99
so,so,1027.99,1028.17
I,i,1028.17,1028.26
know,know,1028.26,1028.4
I'm,i'm,1028.4,1028.5
not,not,1028.51,1028.68
completely,completely,1028.69,1029.23
insane,insane,1029.23,1029.71
tell,tell,1030.55,1030.73
me,me,1030.73,1030.89
what,what,1030.89,1031.0300000000002
you,you,1031.03,1031.14
see,see,1031.14,1031.5500000000002
Good,good,1033.29,1033.59
lord,lord,1033.59,1034.02
Well,well,1034.429999,1034.839999
a,a,1035.99,1036.04
tremendous,tremendous,1036.04,1036.58
panel,panel,1037.13,1037.5100000000002
with,with,1037.509999,1037.6899990000002
dozens,dozens,1037.7,1038.06
of,of,1038.07,1038.2
tele,tele,1038.23,1038.52
screens,screens,1038.52,1038.9
and,and,1040.099999,1040.209999
in,in,1040.21,1040.29
front,front,1040.29,1040.44
of,of,1040.44,1040.62
each,each,1040.62,1040.7199999999998
a,a,1040.719999,1040.729999
servo,<unk>,1040.73,1041.33
robot,robot,1041.509999,1041.9499990000002
They,they,1043.65,1043.76
seem,seem,1043.76,1043.94
to,to,1043.940001,1043.970001
be,be,1043.969999,1044.0599989999998
computing,computing,1044.059999,1044.489999
something,something,1044.49,1044.89
Yes,yes,1045.45,1045.68
I,i,1045.68,1045.78
watched,watched,1045.81,1046.1799999999998
them,them,1046.19,1046.22
They’re,they're,1047.39,1047.59
evaluating,evaluating,1047.59,1048.34
data,data,1048.35,1048.62
from,from,1048.95,1049.0800000000002
the,the,1049.08,1049.16
screens,screens,1049.16,1049.86
Have,have,1050.48,1050.57
you,you,1050.57,1050.64
gotten,gotten,1050.64,1050.8000000000002
a,a,1050.8,1050.85
chance,chance,1050.85,1051.13
to,to,1051.13,1051.22
look,look,1051.22,1051.37
at,at,1051.37,1051.4399999999998
the,the,1051.44,1051.51
data,data,1051.51,1051.72
on,on,1051.72,1051.84
those,those,1051.84,1051.97
screens,screens,1051.97,1052.4
No,no,1053.28,1053.65
I've,i've,1055.05,1055.26
been,been,1055.259999,1055.3899990000002
afraid,afraid,1055.389999,1055.739999
to,to,1055.74,1055.81
go,go,1055.809999,1055.9499990000002
in,in,1055.95,1056.09
There,there,1056.11,1056.14
might,might,1056.969999,1057.219999
be,be,1057.219999,1057.3299989999998
a,a,1057.33,1057.41
warning,warning,1057.41,1057.89
circuit,circuit,1057.889999,1058.329999
somewhere,somewhere,1058.33,1058.71
Well,well,1059.46,1059.6
if,if,1059.599999,1059.669999
we,we,1059.67,1059.8000000000002
knew,knew,1059.799999,1060.099999
what,what,1060.109999,1060.279999
those,those,1060.279999,1060.539999
robots,robots,1060.539999,1060.9499990000002
were,were,1060.949999,1061.029999
working,working,1061.029999,1061.4199990000002
on,on,1061.42,1061.59
we,we,1061.59,1061.6799999999998
could,could,1061.68,1061.8300000000002
go,go,1061.83,1061.9299999999998
to,to,1061.93,1062.0
the,the,1062.0,1062.09
authorities,authorities,1062.09,1062.75
I'll,i'll,1064.83,1065.0
risk,risk,1065.05,1065.3
it,it,1065.3,1065.39
if,if,1065.39,1065.51
you,you,1065.51,1065.63
will,will,1065.63,1065.79
All,,,
right,,,
it's,it's,1067.6,1067.6899999999998
worth,worth,1067.69,1067.87
a,a,1067.87,1067.9199999999998
chance,chance,1067.92,1068.35
We're,we're,1068.36,1068.38
lost,lost,1068.81,1069.22
anyway,anyway,1069.22,1069.6
Okay,okay,1070.55,1071.19
Open,open,1071.82,1072.09
the,the,1072.09,1072.1899999999998
door,door,1072.19,1072.35
So,so,1079.91,1080.0600000000002
far,far,1080.35,1080.38
so,so,1080.4,1080.5300000000002
good,good,1080.5300000000002,1080.7600000000002
Come,come,1081.35,1081.49
on,on,1081.49,1081.62
let's,let's,1082.68,1082.86
take,take,1082.86,1083.0
a,a,1083.0,1083.05
look,look,1083.05,1083.21
at,at,1083.21,1083.3
that,that,1083.3,1083.4199999999998
data,data,1083.43,1083.76
But,but,1084.18,1084.35
don't,don't,1084.35,1084.5
interfere,,,
with,,,
the,the,1085.04,1085.12
robot,robot,1085.12,1085.34
Don't,don't,1085.62,1085.81
worry,worry,1085.81,1086.15
Here,here,1087.59,1087.76
let's,let's,1087.76,1087.94
look,look,1087.94,1088.02
at,at,1088.02,1088.08
this,this,1088.08,1088.21
screen,screen,1088.21,1088.48
Listen,listen,1090.849999,1091.059999
to,to,1091.059999,1091.149999
this,this,1091.15,1091.43
Tests,tests,1093.099999,1093.469999
in,in,1093.469999,1093.5899989999998
the,the,1093.59,1093.7099999999998
forty,forty,1093.75,1094.11
seven,seven,1094.13,1094.5100000000002
K,k,1094.52,1094.68
twelve,twelve,1094.839999,1095.169999
group,group,1095.21,1095.49
with,with,1096.119999,1096.209999
Marlins,marlins,1096.219999,1096.649999
cigarettes,cigarettes,1096.65,1097.15
polled,polled,1097.16,1097.43
eighty,eighty,1097.43,1097.65
percent,percent,1097.65,1098.0500000000002
using,using,1098.049999,1098.339999
a,a,1098.34,1098.41
soft,soft,1098.42,1098.76
feminine,feminine,1098.76,1099.28
approach,approach,1099.28,1099.76
Indications,indications,1100.23,1100.89
are,are,1100.89,1101.17
that,that,1101.17,1101.3300000000002
an,an,1101.33,1101.4199999999998
extension,extension,1101.42,1101.92
of,of,1101.92,1102.03
this,this,1102.03,1102.16
approach,approach,1102.16,1102.5400000000002
would,would,1102.54,1102.76
influence,influence,1103.23,1103.76
at,at,1103.76,1103.87
least,least,1103.87,1104.02
seventy,seventy,1104.03,1104.41
percent,percent,1104.41,1104.8000000000002
nationwide,nationwide,1104.81,1105.46
The,the,1106.51,1106.57
direct,direct,1106.57,1106.89
elevator,elevator,1106.91,1107.3300000000002
pitch,pitch,1107.33,1107.63
pulled,pulled,1107.63,1107.9
only,only,1107.9,1108.1
ten,ten,1108.099999,1108.319999
percent,percent,1108.32,1108.75
This,this,1109.34,1109.4499999999998
should,should,1109.45,1109.6
be,be,1109.61,1109.7299999999998
abandoned,abandoned,1109.73,1110.27
and,and,1110.27,1110.3
a,a,1110.429999,1110.519999
new,new,1110.52,1110.79
series,series,1110.79,1111.2
of,of,1111.21,1111.37
high,high,1111.37,1111.62
persuasion,persuasion,1111.62,1112.28
personal,personal,1112.5,1112.99
elements,elements,1113.11,1113.5
introduced,introduced,1113.5,1113.92
Henry,henry,1114.99,1115.12
do,,,
you,,,
know,,,
what,what,1115.4,1115.51
this,this,1115.51,1115.66
means,means,1115.66,1115.99
No,no,1116.75,1116.84
I,i,1116.879999,1116.989999
haven't,haven't,1116.99,1117.28
the,the,1117.32,1117.34
faintest,faintest,1117.35,1117.75
idea,idea,1117.75,1117.84
I,i,1118.45,1118.57
don't,don't,1118.57,1118.75
blame,blame,1118.75,1118.97
you,you,1118.97,1119.01
This,this,1120.11,1120.1899999999998
is,is,1120.19,1120.3300000000002
crazy,crazy,1120.33,1120.6999999999998
but,but,1120.7,1120.81
it,it,1120.81,1120.9199999999998
fits,fits,1120.92,1121.15
the,the,1121.15,1121.25
facts,facts,1121.25,1121.56
when,when,1121.56,1121.66
I,i,1121.66,1121.71
think,think,1121.72,1121.87
about,about,1121.88,1122.0700000000002
it,it,1122.07,1122.09
Do,do,1122.24,1122.26
you,you,1123.27,1123.45
know,know,1123.48,1123.62
who's,who's,1123.62,1123.81
behind,behind,1123.81,1124.19
this,this,1124.19,1124.48
Martians,martians,1125.38,1125.85
No,no,1125.86,1126.16
not,not,1126.16,1126.4
Martians,martians,1126.42,1126.96
Henry,henry,1126.96,1127.33
humans,humans,1127.34,1127.9199999999998
What,what,1127.969999,1128.149999
Humans,humans,1128.889999,1129.259999
who,who,1129.259999,1129.369999
are,are,1129.37,1129.4499999999998
interested,interested,1129.45,1129.87
in,in,1129.87,1129.9699999999998
developing,developing,1129.969999,1130.459999
the,the,1130.46,1130.58
perfect,perfect,1130.599999,1130.949999
propaganda,propaganda,1130.95,1131.52
machine,machine,1131.52,1131.94
What,what,1132.08,1132.11
I,i,1132.38,1132.39
don't,don't,1132.39,1132.66
know,know,1133.1,1133.16
who,who,1133.16,1133.2900000000002
they,they,1133.289999,1133.4499990000002
are,are,1133.449999,1133.779999
or,or,1133.779999,1133.9599990000002
how,how,1134.49,1134.63
they've,they've,1134.63,1134.8000000000002
done,done,1134.8,1134.96
it,it,1134.96,1135.07
but,but,1135.11,1135.39
somehow,somehow,1136.17,1136.53
they've,they've,1136.53,1136.74
taken,taken,1136.76,1137.08
Tylertown,<unk>,1137.12,1137.4499999999998
over,over,1137.89,1138.0300000000002
Hypnosis,hypnosis,1138.84,1139.3
Hypnosis,hypnosis,1139.52,1140.04
drugs,drugs,1140.04,1140.5
maybe,maybe,1140.79,1140.98
some,some,1140.98,1141.12
kind,kind,1141.12,1141.25
of,of,1141.25,1141.35
a,a,1141.35,1141.4199999999998
ray,ray,1141.42,1141.6
or,or,1141.6,1141.64
something,something,1141.64,1141.95
However,however,1141.96,1142.21
they,they,1142.21,1142.32
do,do,1142.32,1142.49
it,it,1142.49,1142.64
what,what,1143.37,1143.4799999999998
happens,happens,1143.48,1143.77
is,is,1143.77,1143.84
that,that,1143.84,1143.9499999999998
they,they,1143.95,1144.09
let,let,1144.09,1144.26
us,us,1144.26,1144.46
live,live,1144.46,1144.63
through,through,1144.63,1144.7900000000002
a,a,1144.79,1144.86
single,single,1144.86,1145.14
day,day,1145.139999,1145.479999
During,during,1146.05,1146.27
that,that,1146.27,1146.43
day,day,1146.429999,1146.669999
they,they,1146.67,1146.8200000000002
pour,pour,1146.82,1147.11
all,all,1147.11,1147.35
kinds,kinds,1147.349999,1147.579999
of,of,1147.58,1147.6999999999998
suggestions,suggestions,1147.7,1148.23
and,and,1148.23,1148.34
propaganda,propaganda,1148.34,1148.84
into,into,1148.839999,1149.039999
us,us,1149.04,1149.25
At,at,1149.94,1150.06
the,the,1150.059999,1150.119999
end,end,1150.119999,1150.199999
of,of,1150.199999,1150.279999
the,the,1150.279999,1150.329999
day,day,1150.33,1150.77
they,they,1150.85,1151.0
evaluate,evaluate,1151.0,1151.45
the,the,1151.449999,1151.519999
results,results,1151.52,1152.03
see,see,1152.72,1152.87
how,how,1152.87,1153.0
we've,we've,1153.0,1153.24
reacted,reacted,1153.24,1153.76
And,and,1154.18,1154.21
at,at,1154.22,1154.37
midnight,midnight,1154.38,1154.89
they,they,1155.51,1155.58
wash,wash,1155.59,1155.87
the,the,1155.87,1155.9699999999998
day,day,1155.97,1156.18
out,out,1156.18,1156.3
of,of,1156.3,1156.43
our,our,1156.43,1156.51
minds,minds,1156.51,1156.89
And,and,1156.89,1157.01
the,the,1157.01,1157.07
next,next,1157.07,1157.3
morning,morning,1157.3,1157.58
we,we,1157.58,1157.6699999999998
start,start,1157.67,1157.89
the,the,1157.89,1157.98
same,same,1157.98,1158.21
day,day,1158.21,1158.36
over,over,1158.36,1158.55
again,again,1158.55,1158.76
with,with,1158.76,1158.91
different,different,1158.91,1159.16
stimuli,stimuli,1159.16,1159.5500000000002
Do,do,1159.56,1159.58
you,you,1159.67,1159.79
know,know,1159.79,1159.88
what,what,1159.88,1160.0
that,that,1160.0,1160.14
means,means,1160.139999,1160.409999
Henry,henry,1160.41,1160.7900000000002
Suppose,suppose,1161.94,1162.23
one,one,1162.23,1162.48
man,man,1162.48,1162.84
learned,learned,1162.849999,1163.169999
how,how,1163.17,1163.3000000000002
to,to,1163.3,1163.37
influence,influence,1163.389999,1163.879999
people,people,1163.88,1164.15
one,one,1164.15,1164.2900000000002
hundred,hundred,1164.29,1164.51
percent,percent,1164.509999,1164.9199990000002
Why,why,1165.84,1165.98
in,in,1165.98,1166.07
a,a,1166.07,1166.13
year,year,1166.13,1166.39
he,he,1166.389999,1166.519999
could,could,1166.52,1166.66
sell,sell,1166.66,1166.84
us,us,1166.839999,1166.939999
anything,anything,1166.94,1167.26
from,from,1167.259999,1167.499999
freezers,freezers,1168.01,1168.4
to,to,1168.4,1168.49
political,political,1168.49,1168.85
candidates,candidates,1168.85,1169.4199999999998
But,but,1169.43,1169.46
wait,wait,1169.469999,1169.719999
a,a,1169.719999,1169.729999
minute,,,
We're,we're,1170.17,1170.3300000000002
guinea,guinea,1170.33,1170.65
pigs,pigs,1170.65,1170.9
Henry,henry,1171.05,1171.3
This,this,1172.11,1172.25
whole,whole,1172.25,1172.43
community,community,1172.43,1172.88
is,is,1172.88,1173.0
one,one,1173.0,1173.25
big,big,1173.25,1173.49
test,test,1173.54,1173.8
tube,tube,1173.81,1174.09
for,for,1174.1,1174.32
Dorchin’s,<unk>,1174.45,1174.87
propaganda,propaganda,1174.91,1175.38
research,research,1175.38,1175.85
Burckhardt,<unk>,1176.33,1176.75
what,what,1176.75,1176.9
do,,,
we,we,1176.94,1177.06
do,do,1177.06,1177.37
I,,,
don't,,,
know,know,1177.7,1177.8300000000002
but,but,1177.83,1177.97
somehow,somehow,1177.97,1178.24
we've,we've,1178.24,1178.36
got,got,1178.36,1178.4399999999998
to,to,1178.44,1178.5
get,get,1178.5,1178.59
out,out,1178.59,1178.6699999999998
of,of,1178.67,1178.75
this,this,1178.75,1178.86
town,town,1178.87,1179.06
and,and,1179.059999,1179.129999
get,get,1179.13,1179.24
to,to,1179.24,1179.3
the,the,1179.3,1179.41
FBI,,,
Oh,,,
do,,,
you,you,1179.969999,1180.009999
think,think,1180.01,1180.22
we,we,1180.219999,1180.3099989999998
can,can,1180.309999,1180.609999
It's,it's,1180.62,1180.76
worth,worth,1180.76,1180.95
a,a,1180.95,1181.0
try,try,1181.0,1181.32
come,come,1181.349999,1181.509999
on,on,1181.509999,1181.739999
Wait,wait,1182.54,1182.84
Huh,huh,1182.96,1183.16
what,what,1183.179999,1183.369999
is,is,1183.37,1183.4399999999998
it,it,1183.44,1183.65
Look,look,1184.69,1184.85
through,through,1184.849999,1184.929999
the,the,1184.94,1185.0800000000002
door,door,1185.08,1185.36
There's,there's,1186.32,1186.46
somebody,somebody,1186.459999,1186.699999
coming,coming,1186.699999,1186.889999
down,down,1186.889999,1187.059999
the,the,1187.059999,1187.149999
tunnel,tunnel,1187.15,1187.43
We've,we've,1187.789999,1187.889999
got,got,1187.889999,1187.989999
to,to,1187.99,1188.03
hide,hide,1188.029999,1188.389999
Behind,behind,1188.78,1189.08
the,the,1189.08,1189.16
circuit,circuit,1189.16,1189.44
box,box,1189.44,1189.66
Wait,wait,1189.66,1189.69
Good,good,1193.37,1193.54
lord,lord,1193.54,1193.73
it's,it's,1193.73,1193.89
Dorchin,<unk>,1193.91,1194.37
the,,,
head,,,
of,,,
the,the,1195.16,1195.21
research,research,1195.21,1195.55
institute,institute,1195.55,1195.95
Quiet,quiet,1196.52,1196.78
All,all,1203.87,1204.15
right,right,1204.15,1204.46
Burckhardt,<unk>,1204.469999,1204.8399989999998
come,come,1205.249999,1205.539999
out,out,1205.5799989999998,1205.979999
We,we,1207.76,1207.96
know,know,1207.96,1208.11
you're,you're,1208.11,1208.34
in,in,1208.34,1208.4599999999998
this,this,1208.46,1208.73
room,room,1208.73,1209.31
Miss,miss,1211.13,1211.36
Horne,<unk>,1211.37,1211.6699999999998
has,has,1211.67,1211.76
informed,informed,1211.76,1212.24
us,us,1212.24,1212.46
that,that,1212.46,1212.6
you,you,1212.61,1212.79
remember,remember,1212.79,1213.06
I,i,1215.76,1215.88
must,must,1215.88,1216.15
warn,warn,1216.15,1216.41
you,you,1216.41,1216.51
that,that,1216.58,1216.75
it's,it's,1216.75,1216.97
useless,useless,1216.98,1217.6
to,to,1217.639999,1217.759999
buck,buck,1217.759999,1218.1599990000002
us,us,1218.16,1218.68
Come,come,1219.33,1219.53
out,out,1219.53,1219.7
peacefully,peacefully,1219.71,1220.61
Let,let,1221.13,1221.3100000000002
our,our,1221.309999,1221.4499990000002
maintenance,maintenance,1221.45,1221.91
crew,crew,1221.94,1222.14
adjust,adjust,1222.139999,1222.529999
you,you,1222.529999,1222.6699990000002
properly,properly,1222.68,1223.43
so,so,1223.65,1223.77
you,you,1223.77,1223.93
don't,don't,1223.93,1224.18
remember,remember,1224.18,1224.77
from,from,1224.81,1225.01
one,one,1225.02,1225.2
experiment,experiment,1225.2,1225.87
to,to,1225.88,1225.98
the,the,1225.98,1226.1
next,next,1226.1,1226.86
It,it,1227.54,1227.63
will,will,1227.63,1227.74
be,be,1227.74,1227.85
quite,quite,1227.85,1228.09
painless,painless,1228.09,1228.79
If,if,1230.76,1230.97
you,you,1230.97,1231.14
don't,don't,1231.14,1231.38
come,come,1231.42,1231.65
out,out,1231.65,1231.89
peacefully,peacefully,1231.9,1232.52
we’ll,we'll,1232.52,1232.74
have,have,1232.74,1232.94
to,to,1232.94,1233.09
get,get,1233.09,1233.41
you,you,1233.41,1233.86
Henry,henry,1234.179999,1234.479999
take,take,1235.05,1235.24
this,this,1235.24,1235.46
wrench,wrench,1235.46,1235.89
When,when,1236.32,1236.46
I,i,1236.46,1236.53
give,give,1236.53,1236.71
the,the,1236.719999,1236.8399989999998
word,word,1236.84,1237.23
jump,jump,1237.29,1237.57
him,him,1237.57,1237.73
But,but,1237.83,1237.98
he,he,1237.98,1238.06
may,may,1238.059999,1238.1899990000002
be,be,1238.19,1238.36
armed,armed,1238.36,1238.6699999999998
Well,well,1238.679999,1238.709999
we've,we've,1238.719999,1238.929999
got,got,1238.929999,1239.0499989999998
nothing,nothing,1239.049999,1239.259999
to,to,1239.259999,1239.339999
lose,lose,1239.339999,1239.759999
Very,very,1241.129999,1241.399999
well,well,1241.4,1241.9
I'm,i'm,1242.89,1243.1
coming,coming,1243.1,1243.4
after,after,1243.4,1243.7900000000002
you,you,1243.79,1244.14
Now,now,1246.5099999999998,1246.85
Burckhardt,<unk>,1251.98,1252.23
I’ve,i've,1252.61,1252.77
killed,killed,1252.77,1253.02
him,him,1253.02,1253.08
Now,now,1253.08,1253.1
wait,wait,1253.23,1253.48
get,get,1254.09,1254.1999999999998
his,his,1254.2,1254.32
coat,coat,1254.32,1254.49
unbuttoned,<unk>,1254.49,1254.86
Maybe,maybe,1255.4,1255.6
his,his,1255.599999,1255.709999
heart’s,heart's,1255.71,1255.97
still,still,1255.98,1256.18
beating,beating,1256.179999,1256.569999
Henry,henry,1259.34,1259.72
What,what,1260.23,1260.36
is,is,1260.359999,1260.399999
it,it,1260.4,1260.49
what's,what's,1260.55,1260.74
wrong,wrong,1260.74,1261.01
Look,look,1261.379999,1261.569999
underneath,underneath,1261.57,1261.86
his,his,1261.86,1262.0
coat,coat,1262.0,1262.33
Heaven,heaven,1264.23,1264.54
help,help,1264.6,1265.04
us,us,1265.05,1265.1699999999998
It's,it's,1265.45,1265.55
a,a,1265.55,1265.63
robot,robot,1265.63,1266.16
A,a,1266.8100000000002,1266.88
humanoid,<unk>,1267.4,1267.41
robot,robot,1267.42,1268.0
designed,designed,1268.349999,1268.709999
to,to,1268.71,1268.74
look,look,1268.75,1268.96
like,like,1268.96,1269.13
Dorchin,<unk>,1269.16,1269.51
Come,come,1269.65,1269.8100000000002
on,on,1269.809999,1269.929999
let's,let's,1269.929999,1270.089999
get,get,1270.09,1270.23
out,out,1270.24,1270.34
of,of,1270.34,1270.41
here,here,1270.41,1270.61
Wait,wait,1270.73,1271.23
What’s,what's,1271.73,1271.86
that,that,1271.86,1272.1
It’s,,,
the,the,1272.42,1272.44
loudspeaker,loudspeaker,1272.45,1273.0800000000002
I,i,1273.27,1273.51
told,told,1273.52,1273.81
you,you,1273.809999,1273.899999
it,it,1273.9,1274.02
was,was,1274.04,1274.21
useless,useless,1274.219999,1274.769999
gentlemen,gentlemen,1274.77,1275.15
Who,who,1276.43,1276.65
are,are,1276.65,1276.66
you,you,1276.66,1277.0800000000002
Mr,mr,1277.299999,1277.579999
Dorchin,<unk>,1277.58,1277.63
naturally,naturally,1278.25,1279.03
The,the,1279.68,1279.85
real,,,
Mr,mr,1280.54,1280.86
Dorchin,<unk>,1280.86,1281.5
What,what,1282.21,1282.33
are,are,1282.33,1282.38
you,you,1282.38,1282.47
trying,trying,1282.47,1282.71
to,to,1282.71,1282.78
do,do,1282.78,1282.93
to,to,1282.93,1283.0800000000002
us,us,1283.08,1283.41
Merely,merely,1283.73,1284.05
trying,trying,1284.05,1284.38
to,to,1284.38,1284.47
prevent,prevent,1284.47,1284.87
you,you,1284.87,1285.0
from,from,1285.0,1285.14
damaging,damaging,1285.15,1285.71
my,my,1285.71,1285.88
experiment,experiment,1285.88,1286.59
gentlemen,gentlemen,1286.59,1287.1799999999998
You,you,1287.75,1287.9
can't,can't,1287.9,1288.12
get,get,1288.12,1288.2199999999998
away,away,1288.219999,1288.379999
with,with,1288.38,1288.49
this,this,1288.49,1288.63
Dorchin,<unk>,1288.79,1289.06
Sooner,sooner,1289.84,1290.04
or,or,1290.04,1290.12
later,later,1290.12,1290.33
somebody,somebody,1290.34,1290.74
the,the,1290.74,1290.89
FBI,<unk>,1290.889999,1290.959999
or,or,1291.32,1291.37
somebody,somebody,1291.37,1291.8
is,is,1291.799999,1291.9399990000002
going,going,1291.94,1292.1
to,to,1292.099999,1292.159999
get,get,1292.16,1292.3100000000002
wind,wind,1292.309999,1292.519999
of,of,1292.52,1292.6
this,this,1292.599999,1292.759999
madness,madness,1292.759999,1293.1799990000002
Really,really,1293.19,1293.23
Burckhardt,<unk>,1294.58,1294.59
you're,you're,1294.6,1294.81
quite,quite,1294.83,1295.14
naive,naive,1295.139999,1295.979999
Now,now,1297.0,1297.12
why,why,1297.12,1297.28
not,not,1297.28,1297.47
be,be,1297.48,1297.6
reasonable,reasonable,1297.6,1298.14
and,and,1298.14,1298.25
let,let,1298.25,1298.44
the,the,1298.44,1298.55
maintenance,maintenance,1298.55,1299.08
crews,crews,1299.09,1299.41
adjust,adjust,1299.43,1299.98
you,you,1299.98,1300.45
And,,,
if,if,1300.95,1301.07
I,i,1301.07,1301.16
refuse,refuse,1301.16,1301.78
I,i,1302.44,1302.54
suppose,suppose,1302.54,1302.81
you'll,you'll,1302.81,1302.95
kill,kill,1302.95,1303.15
me,me,1303.15,1303.41
That,that,1303.85,1304.11
would,would,1304.11,1304.29
be,be,1304.29,1304.4
quite,quite,1304.4,1304.68
impossible,impossible,1304.679999,1305.659999
Oh,oh,1306.349999,1306.769999
You,you,1307.49,1307.65
see,see,1307.65,1307.86
Burckhardt,<unk>,1307.9,1308.5600000000002
you're,you're,1309.13,1309.38
already,already,1309.38,1309.92
dead,dead,1309.969999,1310.359999
Dead,dead,1311.96,1312.49
You're,you're,1313.15,1313.3000000000002
sharp,sharp,1313.299999,1313.759999
it's,it's,1314.699999,1314.869999
quite,quite,1314.87,1315.12
true,true,1315.12,1315.7199999999998
You,you,1316.52,1316.83
and,and,1316.83,1317.01
everyone,everyone,1317.02,1317.53
else,else,1317.53,1317.76
in,in,1317.76,1317.9
this,this,1317.9,1318.13
town,town,1318.16,1318.69
were,were,1319.37,1319.4899999999998
killed,killed,1319.49,1319.72
by,by,1319.74,1319.9
a,a,1319.9,1319.95
premature,premature,1319.95,1320.52
atomic,atomic,1320.52,1321.0
blast,blast,1321.01,1321.46
at,at,1321.46,1321.54
the,the,1321.54,1321.63
Contro,<unk>,1321.63,1322.0200000000002
Chemical,chemical,1322.02,1322.48
plant,plant,1322.49,1322.87
The,the,1323.679999,1323.789999
blast,blast,1323.79,1324.14
occurred,occurred,1324.139999,1324.469999
at,at,1324.469999,1324.5599989999998
seven,seven,1324.559999,1324.909999
AM,am,1324.91,1325.23
on,on,1325.23,1325.37
June,june,1325.37,1325.61
fifteenth,fifteenth,1325.61,1326.26
That,that,1327.07,1327.22
is,is,1327.219999,1327.3199989999998
the,the,1327.32,1327.45
last,last,1327.45,1327.88
thing,thing,1327.88,1328.2800000000002
imprinted,<unk>,1328.28,1328.56
on,on,1328.559999,1328.6899990000002
your,your,1328.69,1328.8300000000002
minds,minds,1328.839999,1329.449999
That,that,1330.01,1330.12
is,is,1330.119999,1330.209999
why,why,1330.209999,1330.349999
you,you,1330.35,1330.4399999999998
wake,wake,1330.440001,1330.650001
up,up,1330.65,1330.8100000000002
screaming,screaming,1330.809999,1331.299999
each,each,1331.299999,1331.469999
morning,morning,1331.49,1332.0
No,no,1332.09,1332.31
it,it,1332.309999,1332.389999
isn't,isn't,1332.39,1332.59
true,true,1332.6,1332.9399999999998
But,but,1332.95,1333.11
it,it,1333.11,1333.2299999999998
is,is,1333.23,1333.76
What,what,1334.59,1334.8
I,i,1334.8,1334.96
and,and,1334.97,1335.0
my,my,1335.0,1335.17
associates,associates,1335.17,1335.74
did,did,1335.74,1336.0
was,was,1336.0,1336.19
take,take,1336.38,1336.63
the,the,1336.63,1336.75
brain,brain,1336.75,1337.11
circuits,circuits,1337.11,1337.56
from,from,1337.57,1337.63
your,your,1337.63,1337.7700000000002
dead,dead,1337.77,1338.0
bodies,bodies,1338.01,1338.58
We,we,1338.95,1339.0800000000002
stored,stored,1339.08,1339.37
them,them,1339.37,1339.4599999999998
in,in,1339.46,1339.52
electro,electro,1339.52,1339.93
chemical,chemical,1339.93,1340.37
batteries,batteries,1340.389999,1341.129999
till,till,1341.559999,1341.669999
we,we,1341.679999,1341.829999
had,had,1341.83,1341.96
a,a,1341.96,1342.02
chance,chance,1342.02,1342.3
to,to,1342.3,1342.43
rebuild,rebuild,1342.429999,1342.869999
the,the,1342.87,1342.9599999999998
cities,cities,1342.96,1343.35
and,and,1343.349999,1343.489999
begin,begin,1343.49,1343.82
our,our,1343.82,1344.01
tests,tests,1344.009999,1344.739999
Do,do,1345.33,1345.41
you,you,1345.41,1345.5600000000002
think,think,1345.599999,1345.809999
I,i,1345.809999,1345.889999
believe,believe,1345.889999,1346.169999
a,a,1346.17,1346.24
fantastic,fantastic,1346.24,1346.81
tale,tale,1346.809999,1347.029999
like,like,1347.04,1347.24
that,that,1347.24,1347.47
I,i,1347.759999,1347.8999990000002
imagine,imagine,1347.9,1348.3300000000002
you,you,1348.33,1348.49
find,find,1348.5,1348.76
it,it,1348.76,1348.89
incredible,incredible,1348.889999,1349.669999
Of,of,1350.279999,1350.4399990000002
course,course,1350.440001,1350.680001
we,we,1350.68,1350.8
didn't,didn't,1350.8,1351.05
rebuild,rebuild,1351.06,1351.51
everything,everything,1351.51,1351.93
exactly,exactly,1351.93,1352.66
After,after,1353.25,1353.57
all,all,1353.57,1353.75
it,it,1353.75,1353.86
only,only,1353.86,1354.0
has,has,1354.01,1354.21
to,to,1354.21,1354.31
last,last,1354.31,1354.63
for,for,1354.63,1354.7700000000002
a,a,1354.82,1354.88
single,single,1354.88,1355.37
day,day,1355.38,1355.8000000000002
June,june,1356.03,1356.29
fifteenth,fifteenth,1356.29,1356.92
At,at,1357.74,1357.93
midnight,midnight,1357.93,1358.4
we,we,1358.4,1358.52
turn,turn,1358.52,1358.75
off,off,1358.75,1358.9
the,the,1358.9,1359.0300000000002
power,power,1359.04,1359.34
and,and,1359.34,1359.47
wash,wash,1359.469999,1359.699999
out,out,1359.7,1359.85
the,the,1359.849999,1359.939999
memory,memory,1359.94,1360.25
of,of,1360.25,1360.35
the,the,1360.349999,1360.429999
day,day,1360.429999,1360.949999
You,you,1361.69,1361.93
and,,,
your,your,1362.139999,1362.299999
friend,friend,1362.3,1362.61
Swanson,swanson,1362.61,1363.2299999999998
unfortunately,unfortunately,1363.23,1364.17
have,have,1364.63,1364.8000000000002
defective,defective,1364.799999,1365.339999
circuits,circuits,1365.339999,1366.009999
You,you,1366.02,1366.27
remember,remember,1366.27,1367.0
Burckhardt,<unk>,1367.5,1367.76
it's,it's,1367.76,1367.85
no,no,1367.85,1367.98
use,use,1367.98,1368.22
we're,we're,1368.219999,1368.369999
trapped,trapped,1368.369999,1368.729999
Give,give,1368.74,1368.94
up,up,1368.939999,1369.109999
No,no,1369.15,1369.2
not,not,1369.209999,1369.459999
me,me,1369.46,1369.77
What,what,1369.99,1370.23
can,can,1370.23,1370.4
we,we,1370.4,1370.52
do,do,1370.52,1370.76
We,we,1370.77,1370.88
can,can,1370.88,1370.96
make,make,1370.96,1371.09
a,a,1371.09,1371.14
run,run,1371.14,1371.3300000000002
for,for,1371.33,1371.46
it,it,1371.47,1371.5
down,down,1371.5,1371.64
the,the,1371.64,1371.7
tunnel,tunnel,1371.7,1371.94
Come,come,1371.98,1372.15
on,on,1372.15,1372.3300000000002
It’s,it's,1372.51,1372.81
useless,useless,1372.82,1373.53
Burckhardt,<unk>,1373.56,1373.82
Keep,keep,1374.34,1374.52
going,going,1374.52,1374.82
It’s,it's,1374.97,1375.09
useless,,,
useless,,,
useless,useless,1375.2099999999998,1375.59
Now,now,1381.48,1381.65
now,now,1393.149999,1393.389999
this,this,1394.36,1394.4499999999998
door,door,1394.449999,1394.649999
is,is,1394.649999,1394.739999
open,open,1394.74,1394.85
Yeah,yeah,1396.51,1396.72
it,it,1396.94,1397.1
opens,opens,1397.099999,1397.469999
Oh,oh,1400.98,1401.15
no,no,1401.15,1401.5
No,no,1402.5,1402.72
I,i,1402.719999,1402.7999989999998
don't,don't,1402.799999,1402.979999
believe,believe,1402.98,1403.24
it,it,1403.24,1403.37
Swanson,swanson,1404.6,1405.1699999999998
look,look,1405.16,1405.5500000000002
They,they,1411.65,1411.87
were,were,1411.87,1412.04
standing,standing,1412.04,1412.62
on,on,1412.62,1412.7399999999998
a,a,1412.74,1412.81
ledge,ledge,1412.809999,1413.229999
of,of,1413.24,1413.38
smooth,smooth,1413.38,1414.0300000000002
finished,finished,1414.09,1414.51
metal,metal,1414.51,1414.96
At,at,1415.61,1415.81
their,their,1415.809999,1416.029999
feet,feet,1416.03,1416.48
the,the,1416.98,1417.08
ledge,ledge,1417.08,1417.47
dropped,dropped,1417.469999,1417.859999
away,away,1417.86,1418.1
into,into,1418.099999,1418.269999
a,a,1418.9099990000002,1418.9199990000002
chasm,<unk>,1419.089999,1419.099999
so,so,1419.11,1419.4399999999998
deep,deep,1419.44,1419.84
they,they,1420.199999,1420.3199989999998
could,could,1420.32,1420.5
not,not,1420.5,1420.69
see,see,1420.690001,1420.830001
the,the,1420.83,1420.9399999999998
bottom,bottom,1420.940001,1421.190001
Beyond,beyond,1422.369999,1422.779999
was,was,1422.85,1422.98
only,only,1422.98,1423.29
a,a,1423.29,1423.39
glare,glare,1423.43,1423.99
so,so,1423.99,1424.27
bright,bright,1424.27,1424.77
that,that,1424.98,1425.11
their,their,1425.11,1425.3
eyes,eyes,1425.3,1425.68
could,could,1425.71,1425.92
not,not,1425.92,1426.18
stand,stand,1426.21,1426.75
to,to,1426.76,1426.84
look,look,1426.84,1427.07
into,into,1427.09,1427.53
it,it,1427.53,1427.73
And,and,1428.3,1428.48
yet,yet,1428.48,1428.88
just,just,1429.97,1430.5
at,at,1430.61,1430.81
the,the,1430.809999,1430.919999
limit,limit,1430.929999,1431.349999
of,of,1431.38,1431.5800000000002
their,their,1431.58,1431.6899999999998
vision,vision,1431.69,1432.29
something,something,1432.95,1433.62
towered,<unk>,1434.37,1434.53
Something,something,1435.11,1435.58
so,so,1435.61,1436.12
huge,huge,1436.12,1436.6899999999998
it,it,1436.69,1436.72
was,was,1436.759999,1436.9299990000002
almost,almost,1436.94,1437.3
inconceivable,inconceivable,1437.32,1438.47
Something,something,1439.59,1440.08
Burckhardt,<unk>,1440.85,1441.16
Yes,yes,1442.92,1443.78
This,this,1444.52,1444.59
is,is,1444.84,1444.86
Dorchin,<unk>,1445.01,1445.26
Now,now,1446.27,1446.51
do,do,1446.51,1446.6
you,you,1446.6,1446.74
understand,understand,1446.74,1447.2099999999998
why,why,1447.38,1447.5400000000002
it's,it's,1447.66,1447.7500000000002
useless,useless,1447.7500000000002,1448.4600000000005
The,the,1450.11,1450.24
great,great,1450.24,1450.61
looming,looming,1450.63,1451.2900000000002
figure,figure,1451.3,1451.7
moved,moved,1451.7,1452.19
closer,closer,1452.19,1452.77
It,it,1453.509999,1453.6799990000002
seemed,seemed,1453.679999,1454.179999
to,to,1454.19,1454.3
take,take,1454.299999,1454.529999
shape,shape,1454.53,1454.93
now,now,1454.98,1455.5
and,and,1456.049999,1456.1899990000002
yet,yet,1456.190001,1456.330001
it,it,1456.33,1456.4399999999998
was,was,1456.449999,1456.669999
so,so,1456.68,1457.01
gigantic,gigantic,1457.01,1457.79
as,as,1457.82,1457.98
to,to,1457.98,1458.12
be,be,1458.119999,1458.309999
unbelievable,unbelievable,1458.35,1459.39
It,it,1460.03,1460.2
came,came,1460.2,1460.47
closer,closer,1460.47,1460.94
The,the,1461.76,1461.88
glare,glare,1461.88,1462.36
was,was,1462.36,1462.55
partially,partially,1462.55,1463.04
blocked,blocked,1463.04,1463.36
And,and,1464.27,1464.5
then,then,1464.5,1464.93
Guy,guy,1466.22,1466.56
Burckhardt,<unk>,1466.849999,1467.109999
knew,knew,1467.16,1467.5500000000002
that,that,1467.58,1467.73
the,the,1467.73,1467.85
towering,towering,1467.88,1468.48
shape,shape,1468.49,1468.86
was,was,1469.3,1469.53
none,none,1469.53,1469.74
other,other,1469.759999,1470.029999
than,than,1470.03,1470.26
Dorchin,<unk>,1470.259999,1470.839999
himself,himself,1470.999999,1471.349999
You,you,1472.429999,1472.619999
see,see,1472.619999,1472.879999
how,how,1472.889999,1473.099999
I,i,1473.099999,1473.209999
did,did,1473.209999,1473.449999
it,it,1473.449999,1473.649999
Burckhardt,<unk>,1473.669999,1473.909999
I,i,1475.369999,1475.529999
took,took,1475.529999,1475.769999
your,your,1475.769999,1475.939999
brain,brain,1475.939999,1476.279999
circuits,circuits,1476.289999,1476.789999
and,and,1477.43,1477.6
had,had,1477.6,1477.82
them,them,1477.82,1478.03
reduced,reduced,1478.03,1478.96
so,so,1479.58,1479.74
they,they,1479.74,1479.86
could,could,1479.86,1479.9799999999998
be,be,1479.99,1480.14
transferred,transferred,1480.15,1480.67
to,to,1480.7,1480.88
tiny,tiny,1480.95,1481.55
humanoid,<unk>,1481.57,1482.4299999999998
mannequins,mannequins,1482.48,1483.05
That's,that's,1484.04,1484.26
what,what,1484.26,1484.41
you,you,1484.41,1484.5
are,are,1484.5,1484.52
Burckhardt,<unk>,1484.52,1485.25
a,a,1485.79,1485.89
tiny,tiny,1485.889999,1486.409999
miniature,miniature,1486.42,1487.3300000000002
of,of,1487.34,1487.47
yourself,yourself,1487.469999,1488.229999
And,and,1488.88,1489.11
this,this,1489.11,1489.26
city,city,1489.259999,1489.7099990000002
this,this,1490.389999,1490.589999
whole,whole,1490.589999,1490.789999
experiment,experiment,1490.79,1491.54
I'm,i'm,1491.54,1491.73
conducting,conducting,1491.73,1492.49
is,is,1493.049999,1493.289999
built,built,1493.32,1493.61
on,on,1493.67,1493.86
a,a,1493.859999,1494.009999
tabletop,tabletop,1494.09,1495.16
It,it,1509.49,1509.67
was,was,1509.67,1509.8000000000002
the,the,1509.799999,1509.899999
morning,morning,1509.9,1510.26
of,of,1510.359999,1510.519999
June,june,1510.52,1510.79
fifteenth,fifteenth,1510.94,1511.47
and,and,1512.6,1512.64
Guy,guy,1512.81,1513.1
Burckhardt,<unk>,1513.129999,1513.139999
woke,woke,1514.529999,1514.779999
up,up,1514.95,1515.04
out,out,1515.27,1515.36
of,of,1515.36,1515.49
a,a,1515.49,1515.54
dream,dream,1515.54,1516.0
screaming,screaming,1517.38,1517.8300000000002
